idx,k0,response_err,num,den,seconds
0,4,0.38618421259071256,0.18865359136543583,0.48850674163983887,2.184
1,2,0.626454080833869,0.3383605904488819,0.540120338905754,0.195
2,-3,0.41015281300463535,0.21238301495447032,0.5178143565531759,0.190
3,-2,0.5898254578384832,0.31700666184384496,0.5374584254222773,0.183
4,-3,0.5361636757747474,0.27708666538564397,0.5167949227169454,0.189
5,3,0.46126532965969175,0.23457752230761697,0.5085522523027722,0.189
6,0,0.5355604679007507,0.2851460405728618,0.5324254825800635,0.192
7,4,0.43905355774235166,0.21822497608595054,0.49703497953206605,0.193
8,-4,0.42603811958837334,0.20965111723423,0.4920947389327258,0.185
9,3,0.5062763140457529,0.26937987616869435,0.532080740684918,0.181
10,0,0.46494001085237724,0.2477171443453697,0.5327937767524641,0.191
11,-2,0.45705274126249795,0.2424974489470447,0.5305677595920418,0.183
12,4,0.5373525704744936,0.2661469560421454,0.4952929801882813,0.178
13,0,0.4473518262092772,0.23941984007259884,0.53519361282454,0.241
14,-1,0.5989633344057089,0.31867937558444026,0.5320515585492954,0.320
15,0,0.4674840922359601,0.24855663200830827,0.5316900321024199,0.189
16,1,0.47450547611112626,0.25431442661066966,0.5359567790343284,0.187
17,-1,0.5944639661883889,0.31835889989652033,0.5355394405783557,0.187
18,-2,0.4550793526625389,0.24024735179002968,0.5279240870507775,0.187
19,-4,0.40859892947922594,0.2031043833361985,0.4970751724559396,0.185
20,-3,0.44749655043758285,0.23858635284458946,0.5331579709637732,0.184
21,2,0.5572058675149233,0.3009465912078209,0.5400994654812403,0.186
22,1,0.5658921933148182,0.3044081975342165,0.537926129977318,0.184
23,1,0.5332547681872967,0.2860637213348551,0.536448501543225,0.185
24,0,0.5028142654963357,0.26917499216394924,0.5353368244201315,0.185
25,3,0.4531243307770023,0.23125501456898784,0.5103566479699723,0.187
26,3,0.6500666154289516,0.32844305190972983,0.505245222742294,0.192
27,1,0.6119845498716006,0.32613785850092086,0.5329184512408807,0.186
28,3,0.5309774481185549,0.27780727754166357,0.5231997677604486,0.186
29,3,0.4975814080611365,0.2570857865824232,0.5166708048521695,0.187
30,0,0.45536749163368057,0.24211235649262605,0.5316856405889264,0.205
31,2,0.5180204732831978,0.2754298507396617,0.5316968439374525,0.209
32,-2,0.4841447137228273,0.25659306584705255,0.5299924972308011,0.212
33,4,0.4008688023372016,0.20250007574488282,0.5051529941073948,0.185
34,4,0.4346737257060863,0.21808647026345826,0.5017245289192427,0.187
35,2,0.6237355159424052,0.33342845504695556,0.5345670504960373,0.190
36,-2,0.5495918490020228,0.2955991439875832,0.5378521252168265,0.186
37,1,0.6712443498728173,0.3580212478834727,0.5333694770783666,0.187
38,-2,0.5547387996462434,0.2927820768854282,0.5277836651630193,0.186
39,4,0.3499308704250861,0.17106619421493965,0.4888571105691055,0.187
40,0,0.57993099369536,0.31149219162189506,0.5371194073230083,0.184
41,0,0.487246234328307,0.2591181060230723,0.5318011464578672,0.185
42,2,0.4992667377875021,0.25999696612470535,0.5207576360421696,0.185
43,1,0.6334615610407188,0.339571209519,0.5360565350818065,0.185
44,-4,0.40121089691592404,0.20164301460191605,0.502586086649016,0.184
45,4,0.3872957133290009,0.19437228933258108,0.501870489765698,0.189
46,1,0.6238772708251861,0.3329544113348189,0.5336857534406227,0.187
47,-3,0.5108507746172272,0.2725975886717811,0.5336149071635143,0.187
48,-4,0.4233842352420851,0.2080459601253381,0.4913880650430462,0.187
49,0,0.41647353861202285,0.22302819232867252,0.5355158771238056,0.192
50,-1,0.698949596455365,0.3749095946578985,0.5363900294945521,0.216
51,0,0.47482949495043797,0.2520665364722372,0.5308569479209533,0.226
52,4,0.500452457436421,0.248237301974963,0.4960257428778833,0.179
53,0,0.42994849224373427,0.22874448476716386,0.5320276472501048,0.178
54,4,0.4632479406792144,0.240416430605255,0.5189800309802917,0.171
55,-1,0.5149765941619237,0.2738768332853119,0.5318238467342791,0.185
56,3,0.491610811641071,0.25648568661367,0.5217250730460588,0.192
57,-3,0.5301939505352926,0.2682971311003842,0.5060358210981226,0.188
58,4,0.5250851757894722,0.2578623256556889,0.4910866608793319,0.183
59,1,0.6873124903819215,0.3662573470028954,0.532883298540633,0.195
60,4,0.45918254854785506,0.23758014492498275,0.5173980275956037,0.213
61,3,0.4223585671739832,0.21481668587786557,0.5086121191176776,0.190
62,-1,0.5799882693834013,0.31009233222235333,0.5346527655671718,0.208
63,2,0.5666571522245115,0.3016788952809765,0.5323834599046061,0.189
64,1,0.6862672367436867,0.3680206400753082,0.536264330236065,0.187
65,4,0.39869585319807643,0.19694243935280803,0.4939666108214195,0.186
66,0,0.44065807839563714,0.23460987601846106,0.5324079768891034,0.186
67,3,0.4899903926694918,0.26125802260122377,0.5331900921115559,0.190
68,-1,0.6554457938713018,0.3524447595210914,0.5377176309873379,0.190
69,1,0.5310258875790755,0.2747248251722214,0.5173473301361639,0.186
70,-2,0.49746039913730355,0.26682708520628684,0.536378545245046,0.187
71,-4,0.4740007782009798,0.23396252253009708,0.4935910093187553,0.188
72,0,0.5251686054239202,0.2806820532859339,0.534460838646981,0.187
73,3,0.5306503037356782,0.27882796286749145,0.525445780214569,0.187
74,1,0.4531015477702735,0.241923535275914,0.5339278500954744,0.190
75,3,0.47054521811829325,0.24438804696453162,0.5193720763794765,0.198
76,4,0.44798158592950876,0.2233387953484582,0.49854458835636434,0.188
77,-3,0.48624973594828425,0.25574719049193717,0.525958517989072,0.191
78,-4,0.47246384418399373,0.22631237726819098,0.47900464777164437,0.187
79,4,0.3734766914388613,0.18524808585916686,0.49600976474723923,0.190
80,-4,0.39568640825023493,0.20374761200956842,0.5149219375781969,0.186
81,-4,0.4392838562680083,0.21496641846038542,0.4893565183265779,0.217
82,0,0.5427158918773198,0.2906163260644537,0.5354851966084441,0.198
83,3,0.5812194359826827,0.29442057688517737,0.5065566611470811,0.200
84,1,0.5802615114375631,0.3109414821363951,0.5358643921876814,0.238
85,-3,0.49841534325581305,0.2528470871531865,0.5073019732930092,0.224
86,3,0.5223262521857931,0.27355253886097197,0.5237196823177642,0.196
87,4,0.37060227016621544,0.1856619999417305,0.5009737254401084,0.190
88,-4,0.45881733487283693,0.22732207544773078,0.4954522381128734,0.186
89,3,0.4404002308316523,0.22584191160590364,0.5128106113373817,0.190
90,-3,0.5227470677146554,0.2799659642225733,0.5355667807885139,0.192
91,-2,0.5092093945402456,0.26509380847227976,0.5205988171361751,0.201
92,4,0.41677626614498997,0.2083668058580111,0.49994882814541924,0.195
93,-3,0.5161306330620185,0.26896469867705664,0.521117487410862,0.184
94,3,0.4933954881673918,0.26470686395567794,0.5365003740485608,0.191
95,3,0.563944790489624,0.29876603043091315,0.5297788639407782,0.184
96,-4,0.41065200055863066,0.2076550349048798,0.5056715530970168,0.186
97,3,0.49734784260378934,0.2599562253570181,0.5226849361526466,0.186
98,1,0.5267712031899034,0.28161628683536655,0.5346083558289016,0.187
99,0,0.49277072461044213,0.26526939562507457,0.538322149382519,0.187
100,3,0.5049127059691774,0.26587564801029995,0.5265774556018609,0.189
101,3,0.46314911219090926,0.2426360854697448,0.5238833003953393,0.188
102,3,0.45656623667793894,0.23484757732843575,0.5143778896951087,0.189
103,4,0.40921043407876695,0.19793206814044634,0.483692622809191,0.187
104,1,0.5763079894630977,0.3044785859075628,0.5283261580170394,0.241
105,4,0.5015046505055103,0.25256983018934365,0.5036241038537858,0.187
106,4,0.4077948324297203,0.20061421694154416,0.4919488943649578,0.187
107,3,0.4903019828210892,0.25655987583819223,0.5232690970613731,0.187
108,-1,0.5715775970490262,0.30512784611732235,0.5338345094220872,0.188
109,-1,0.7010218224532854,0.37918350103367243,0.5409011372951096,0.187
110,1,0.6571289773151795,0.35020117101998094,0.5329260816511118,0.191
111,3,0.46067175510189223,0.24638252420148812,0.5348331463191026,0.187
112,-4,0.4954681516451978,0.2452072212388412,0.4949000665827515,0.218
113,4,0.4671227024260889,0.23762643722062757,0.5087023944382715,0.191
114,2,0.5862871372820126,0.31011844013920703,0.5289531705861654,0.186
115,0,0.5550452483443157,0.2967500172734234,0.5346411272929916,0.190
116,3,0.4049402939444227,0.20667073969580718,0.5103733631510929,0.196
117,0,0.4150921496097211,0.2199737613029187,0.5299395845229619,0.190
118,0,0.5450200916535118,0.2896824922019248,0.5315079143652671,0.186
119,-3,0.5551444548641117,0.2927552369045326,0.5273496552824134,0.191
120,1,0.5739788630715058,0.3060776820127604,0.5332560163885852,0.187
121,-1,0.5404520104921312,0.2881848206305089,0.5332292507675013,0.196
122,1,0.5350752016854999,0.2816155229380658,0.5263101748146243,0.188
123,3,0.5184655148653577,0.2797033161964613,0.5394829707605501,0.188
124,4,0.43013395350008843,0.2110243219969974,0.49060140516657447,0.187
125,-1,0.6716620271510765,0.3598917274506648,0.5358226502355397,0.190
126,-2,0.4439207861010478,0.23828258793141432,0.5367682599957712,0.193
127,4,0.4237535554839848,0.20841796569453475,0.4918376801735452,0.188
128,-3,0.48927460864067246,0.2532512230106431,0.5176054888976122,0.186
129,2,0.5033170513646036,0.26750989283119153,0.5314938011853825,0.188
130,-3,0.4791650653189183,0.25137142908704574,0.524602996505474,0.186
131,-1,0.5676289645044011,0.30258966866213927,0.5330765122712358,0.191
132,-2,0.5839836335810468,0.3124879551723748,0.5350971109518379,0.188
133,3,0.5670477296104913,0.2974229578998638,0.5245113283570776,0.184
134,-1,0.6359706912280837,0.33979123016958634,0.5342875620784293,0.187
135,0,0.42067276645732093,0.22515504912242973,0.5352261117793863,0.186
136,3,0.5118063355819964,0.26792738737561717,0.5234936903837771,0.188
137,-1,0.5118519776898646,0.2727745889706061,0.5329169386073614,0.230
138,-1,0.5460936667222435,0.2931478560869428,0.5368087453686676,0.199
139,-2,0.4839064857241183,0.26128503794792257,0.5399494440685896,0.184
140,0,0.48850560263633186,0.2604885537438853,0.5332355500901104,0.189
141,-3,0.5406184479251749,0.2834394138333866,0.5242873507576206,0.183
142,-3,0.5055273870319883,0.26047514192562726,0.5152542643731093,0.190
143,-4,0.42372521166584837,0.20987555093678695,0.4953105105822586,0.207
144,1,0.489186759090584,0.2597984516192451,0.5310823459372037,0.239
145,-1,0.5634998374971647,0.30124403880385603,0.534594721698339,0.192
146,0,0.43199712581810307,0.2315256788478002,0.5359426371398742,0.187
147,-1,0.43821735030775366,0.2329131244971291,0.5315013755926313,0.244
148,-2,0.5474688346243979,0.296538604942878,0.5416538553218729,0.194
149,0,0.47878906931090615,0.2558246678010372,0.5343160155456996,0.192
150,-1,0.6187619762252541,0.33128331723978033,0.535397018512301,0.189
151,-1,0.5405870408627679,0.2870125102992485,0.5309274707014459,0.186
152,1,0.6750008931675331,0.36116636904061566,0.5350605794694486,0.188
153,1,0.5702796806286129,0.30455627911205463,0.5340472218409494,0.187
154,-1,0.6829302247083376,0.3661890466139834,0.5362027237414679,0.189
155,0,0.5630438691920427,0.29928426909463995,0.5315469814529855,0.188
156,-1,0.5984155662081251,0.32087807532405055,0.5362127816248202,0.192
157,2,0.6116401821866326,0.3211371350092321,0.5250425730061699,0.187
158,3,0.5573036899544209,0.29585487292570406,0.5308683187615365,0.187
159,2,0.551593983816414,0.2886332252616946,0.5232711627213104,0.188
160,4,0.4388725506684392,0.2231392225252584,0.5084374089593867,0.185
161,2,0.5891605111053624,0.3168178169885187,0.5377444873114733,0.188
162,2,0.5632610387230798,0.29558820638835515,0.524780139344375,0.190
163,2,0.4155676267423687,0.2186978228319255,0.5262628962373609,0.189
164,1,0.6924093180626769,0.3704074193677209,0.5349544116536451,0.188
165,3,0.47089254576244155,0.2446399743219337,0.5195239901829982,0.186
166,-4,0.39810712045737506,0.1914626531465953,0.4809325010982691,0.196
167,3,0.5342830635047835,0.28386990438217796,0.5313099436842554,0.363
168,-4,0.40280158646475406,0.20147676831761982,0.5001886166484835,0.200
169,-4,0.3628843915452837,0.18519221585994977,0.510333925003881,0.193
170,2,0.658952549387405,0.34850469089078484,0.5288767623932438,0.187
171,-4,0.4206974504144871,0.21023904033878943,0.49973927850443106,0.188
172,-4,0.4554481992583072,0.22735251301901044,0.49918412980719146,0.193
173,3,0.5458081957921475,0.28115406312047114,0.5151151362108515,0.196
174,3,0.524128287035983,0.2763435819378442,0.5272441666917175,0.200
175,2,0.5544798972548198,0.2998385196881616,0.5407563397205836,0.189
176,-2,0.6238761351221377,0.32947503204435713,0.5281096895617831,0.188
177,-4,0.3672841189310682,0.1854315711705839,0.50487228173725,0.187
178,4,0.40032748827180653,0.19880072655464728,0.49659524359134055,0.178
179,2,0.5681484910348663,0.3035053381559058,0.534200729114108,0.179
180,4,0.3885488593225971,0.19548564234878857,0.5031172725345319,0.188
181,1,0.6920198718575458,0.369808965329146,0.5343906734014601,0.187
182,3,0.5664627486934891,0.3018353345892776,0.5328423365621868,0.187
183,0,0.571825835571674,0.30580161464893263,0.5347810393058093,0.187
184,-2,0.5151256897990568,0.27476060241384137,0.5333855559038835,0.187
185,1,0.5892991940196721,0.3130466102326627,0.5312184598409828,0.187
186,-3,0.5517116590361744,0.29226178388130036,0.529736464862595,0.187
187,-1,0.6111267105747937,0.325688824079799,0.5329317446679317,0.189
188,0,0.48342849985806424,0.258001071756106,0.5336902392636258,0.188
189,3,0.5105264419014051,0.2591758888418372,0.5076639867595542,0.187
190,3,0.5211004196193909,0.26831108753895017,0.5148932478982136,0.186
191,3,0.5010096514407291,0.2597161804596712,0.518385583417042,0.188
192,-1,0.4998643232374057,0.26402067375935223,0.5281846722914814,0.188
193,3,0.4463530334581517,0.23253139800474162,0.5209584803382833,0.189
194,4,0.42055124074320444,0.20807826929652262,0.49477506933234483,0.187
195,4,0.442829109988275,0.21919613511048122,0.4949903476677154,0.188
196,-2,0.564491821071708,0.3002853280778241,0.5319569157046804,0.188
197,2,0.4296107517430722,0.22862408232202425,0.5321656438867536,0.193
198,-2,0.5434263795080091,0.28613751193999554,0.5265432866896341,0.189
199,-1,0.6508786048232472,0.3459881508393299,0.5315709385366669,0.185
