M,seed,idx,k0,response_err
12,0,0,4,0.2697144364490328
12,0,1,2,0.2639882969940861
12,0,2,-3,0.2109892833388004
12,0,3,-2,0.20550056776655887
12,0,4,-3,0.2525848124772797
12,0,5,3,0.25309791541674864
12,0,6,0,0.10460666997254002
12,0,7,4,0.28364729769686314
12,0,8,-4,0.279396149348924
12,0,9,3,0.18467264456855345
12,0,10,0,0.13143898177768365
12,0,11,-2,0.19648419334689501
12,0,12,4,0.35986693438975065
12,0,13,0,0.1362199004373826
12,0,14,-1,0.24358791957412612
12,0,15,0,0.1394320729244459
12,0,16,1,0.18970061427838236
12,0,17,-1,0.1977596653907415
12,0,18,-2,0.20669490748947386
12,0,19,-4,0.3040650695039508
12,0,20,-3,0.15225073828084582
12,0,21,2,0.22285296416888128
12,0,22,1,0.20925994486345464
12,0,23,1,0.1939867684879238
12,0,24,0,0.11528579464539143
12,0,25,3,0.25014185858831556
12,0,26,3,0.36268340617320394
12,0,27,1,0.1994725729172157
12,0,28,3,0.2685734456311025
12,0,29,3,0.21481125154856054
12,0,30,0,0.18807571595925812
12,0,31,2,0.18746185905389331
12,0,32,-2,0.16436113320234383
12,0,33,4,0.237129650757877
12,0,34,4,0.2789943453109349
12,0,35,2,0.24549297918399407
12,0,36,-2,0.18142157583289428
12,0,37,1,0.2504369230494672
12,0,38,-2,0.19878567689359236
12,0,39,4,0.2625583478524232
12,0,40,0,0.13791939669664907
12,0,41,0,0.11227147846287795
12,0,42,2,0.23805936844138073
12,0,43,1,0.1780304934091397
12,0,44,-4,0.26190996176897147
12,0,45,4,0.2263879136886516
12,0,46,1,0.21163860211938867
12,0,47,-3,0.185991921577182
12,0,48,-4,0.3211200280352773
12,0,49,0,0.1881170701330036
12,0,50,-1,0.3256181886989254
12,0,51,0,0.10638547761852894
12,0,52,4,0.3233759143191566
12,0,53,0,0.13644557887756267
12,0,54,4,0.2320974284612579
12,0,55,-1,0.1206261204966282
12,0,56,3,0.24893118791279936
12,0,57,-3,0.28601592358558625
12,0,58,4,0.33533863035367945
12,0,59,1,0.26040537880417314
12,0,60,4,0.2325000034395504
12,0,61,3,0.23492259637915325
12,0,62,-1,0.2352144154081035
12,0,63,2,0.2596330149004133
12,0,64,1,0.2528366650728906
12,0,65,4,0.2526782064687751
12,0,66,0,0.13874753833792686
12,0,67,3,0.168546537837417
12,0,68,-1,0.2017611762161357
12,0,69,1,0.24687095527357478
12,0,70,-2,0.21616018308000592
12,0,71,-4,0.32477137775626524
12,0,72,0,0.12759683179953668
12,0,73,3,0.21794894201245468
12,0,74,1,0.13827258852347332
12,0,75,3,0.2428136271631929
12,0,76,4,0.25669881263353267
12,0,77,-3,0.20015475480301703
12,0,78,-4,0.3400182149343932
12,0,79,4,0.23895481508625918
12,0,80,-4,0.21681155958804613
12,0,81,-4,0.2889388110448556
12,0,82,0,0.1282643386250776
12,0,83,3,0.279030768452879
12,0,84,1,0.15792760575544557
12,0,85,-3,0.25122588365464693
12,0,86,3,0.2292643553160488
12,0,87,4,0.2328898607301687
12,0,88,-4,0.276664623662456
12,0,89,3,0.21235537115212044
12,0,90,-3,0.21223163070864903
12,0,91,-2,0.22888374955086455
12,0,92,4,0.23855785974697963
12,0,93,-3,0.21787390388357172
12,0,94,3,0.18451984232580346
12,0,95,3,0.25538294844749054
12,0,96,-4,0.22344958958235037
12,0,97,3,0.21917531436229798
12,0,98,1,0.18166376398451428
12,0,99,0,0.16412460443346638
12,0,100,3,0.23104557229335976
12,0,101,3,0.20786220396278662
12,0,102,3,0.21913056616106108
12,0,103,4,0.2906192169789731
12,0,104,1,0.2582362595844499
12,0,105,4,0.28869378497465475
12,0,106,4,0.285406599810551
12,0,107,3,0.20567498814218954
12,0,108,-1,0.20489957735923256
12,0,109,-1,0.33989709730640033
12,0,110,1,0.24579113170146588
12,0,111,3,0.2004892746087793
12,0,112,-4,0.29421873782334224
12,0,113,4,0.2526199792177553
12,0,114,2,0.2524582525508526
12,0,115,0,0.0964987677044838
12,0,116,3,0.2103010710778472
12,0,117,0,0.15096701135045454
12,0,118,0,0.11651581237001815
12,0,119,-3,0.240978440296664
12,0,120,1,0.291824045956617
12,0,121,-1,0.24521748819232983
12,0,122,1,0.2971186710096527
12,0,123,3,0.2095650442164915
12,0,124,4,0.2592917731553299
12,0,125,-1,0.20502031563105713
12,0,126,-2,0.17859608549694722
12,0,127,4,0.27923753959800035
12,0,128,-3,0.2269798484642444
12,0,129,2,0.2166963825947593
12,0,130,-3,0.2659498866192324
12,0,131,-1,0.20650665312574276
12,0,132,-2,0.1993201332885154
12,0,133,3,0.24051978152986275
12,0,134,-1,0.2128648455245977
12,0,135,0,0.161964142910569
12,0,136,3,0.20732201809038614
12,0,137,-1,0.15680553563987296
12,0,138,-1,0.11855458910064087
12,0,139,-2,0.17047478119802692
12,0,140,0,0.1088844774901822
12,0,141,-3,0.22981888604921902
12,0,142,-3,0.22047149935858493
12,0,143,-4,0.2686151870708727
12,0,144,1,0.2719218466067631
12,0,145,-1,0.17366813748457605
12,0,146,0,0.20128080581943802
12,0,147,-1,0.17749692701962735
12,0,148,-2,0.15514460161133847
12,0,149,0,0.12568887195399486
12,0,150,-1,0.2289295975945711
12,0,151,-1,0.2917786692428793
12,0,152,1,0.2598300033933045
12,0,153,1,0.2210300329519658
12,0,154,-1,0.2087797825439674
12,0,155,0,0.14302007170205186
12,0,156,-1,0.21250335644418297
12,0,157,2,0.22800292786658424
12,0,158,3,0.2413591761802586
12,0,159,2,0.25303784393271167
12,0,160,4,0.23553247529277588
12,0,161,2,0.2542152391181899
12,0,162,2,0.24845822223419908
12,0,163,2,0.23520231817994805
12,0,164,1,0.3360765973605174
12,0,165,3,0.22522862015929007
12,0,166,-4,0.3402636832983246
12,0,167,3,0.21690800440896518
12,0,168,-4,0.2537694547462413
12,0,169,-4,0.20170686199882576
12,0,170,2,0.3228376526588608
12,0,171,-4,0.25981658427502186
12,0,172,-4,0.27872019100174805
12,0,173,3,0.25040618710551393
12,0,174,3,0.2343566456316014
12,0,175,2,0.19104891304200045
12,0,176,-2,0.28521349471970986
12,0,177,-4,0.2416441493849891
12,0,178,4,0.24490448232859902
12,0,179,2,0.21772794577682827
12,0,180,4,0.2185238424930497
12,0,181,1,0.28974922551424964
12,0,182,3,0.2581089826849217
12,0,183,0,0.15569339484780356
12,0,184,-2,0.23096658127386463
12,0,185,1,0.3203555138608397
12,0,186,-3,0.29345631579403547
12,0,187,-1,0.21141688243379292
12,0,188,0,0.13580914486438467
12,0,189,3,0.23998400970872014
12,0,190,3,0.23156485818681372
12,0,191,3,0.2444533320767135
12,0,192,-1,0.18202596154447312
12,0,193,3,0.2116977731743257
12,0,194,4,0.2771194327026252
12,0,195,4,0.26487953229656724
12,0,196,-2,0.23173762892136177
12,0,197,2,0.17592150761595807
12,0,198,-2,0.24141944270619456
12,0,199,-1,0.23437583322430403
12,1,0,4,0.26366699783379655
12,1,1,2,0.21830345919223898
12,1,2,-3,0.21582526632408355
12,1,3,-2,0.20545980115273935
12,1,4,-3,0.23525596639354276
12,1,5,3,0.23009449814277666
12,1,6,0,0.13753933160864368
12,1,7,4,0.26905293078757275
12,1,8,-4,0.24444086313759408
12,1,9,3,0.16649477728951861
12,1,10,0,0.16267133441660542
12,1,11,-2,0.17750444779302507
12,1,12,4,0.3298298870012493
12,1,13,0,0.14282465281369394
12,1,14,-1,0.17799341559759357
12,1,15,0,0.16127882535881982
12,1,16,1,0.1788161792901356
12,1,17,-1,0.16173759026572218
12,1,18,-2,0.2140081093470354
12,1,19,-4,0.2937283200124696
12,1,20,-3,0.1497580449995281
12,1,21,2,0.16752065321163198
12,1,22,1,0.16076242851206876
12,1,23,1,0.15616199204361023
12,1,24,0,0.1399324791668488
12,1,25,3,0.21351960977358492
12,1,26,3,0.29977731884908937
12,1,27,1,0.16088948567221809
12,1,28,3,0.2244983293395928
12,1,29,3,0.19867159698448217
12,1,30,0,0.2593059641431893
12,1,31,2,0.18608398189221684
12,1,32,-2,0.1651787130699306
12,1,33,4,0.2232259240281856
12,1,34,4,0.26076695457381
12,1,35,2,0.2253606321159997
12,1,36,-2,0.16877107948280848
12,1,37,1,0.22593870479179123
12,1,38,-2,0.17614172502571482
12,1,39,4,0.2582912667205319
12,1,40,0,0.19015675211777247
12,1,41,0,0.15199851213612434
12,1,42,2,0.19378687863495972
12,1,43,1,0.19633936281020073
12,1,44,-4,0.24118677346933262
12,1,45,4,0.21263879669114566
12,1,46,1,0.19936491174290236
12,1,47,-3,0.15870176734381317
12,1,48,-4,0.28005600371903927
12,1,49,0,0.2055482493577685
12,1,50,-1,0.22599081952395064
12,1,51,0,0.16056680496018802
12,1,52,4,0.33094634295177977
12,1,53,0,0.17057508081167175
12,1,54,4,0.20345887387400388
12,1,55,-1,0.13365415632809505
12,1,56,3,0.19589854225674544
12,1,57,-3,0.2634556974434631
12,1,58,4,0.3137770615076719
12,1,59,1,0.25580751538354357
12,1,60,4,0.21641689794301558
12,1,61,3,0.22464427566774467
12,1,62,-1,0.18822336292890313
12,1,63,2,0.18833108767578113
12,1,64,1,0.21435956029180223
12,1,65,4,0.2533233661481543
12,1,66,0,0.14178388672302328
12,1,67,3,0.15597031760633878
12,1,68,-1,0.15849836979815182
12,1,69,1,0.22180595467838865
12,1,70,-2,0.21774125271630654
12,1,71,-4,0.30236109551464635
12,1,72,0,0.18654627557800288
12,1,73,3,0.19087849832892723
12,1,74,1,0.1699354698052678
12,1,75,3,0.21730153028621568
12,1,76,4,0.24408763927482258
12,1,77,-3,0.19691062615304883
12,1,78,-4,0.30513218054344093
12,1,79,4,0.2401076019241669
12,1,80,-4,0.19342471331133976
12,1,81,-4,0.27520276674869226
12,1,82,0,0.11965509409582081
12,1,83,3,0.26489900399898136
12,1,84,1,0.13223147420068837
12,1,85,-3,0.24455404776360962
12,1,86,3,0.21385087611011708
12,1,87,4,0.22826566862857808
12,1,88,-4,0.2557905372745102
12,1,89,3,0.21143569142105367
12,1,90,-3,0.1749321126660841
12,1,91,-2,0.23438487369536992
12,1,92,4,0.22388751212753213
12,1,93,-3,0.22467212055408461
12,1,94,3,0.1536997428510856
12,1,95,3,0.20168293754359895
12,1,96,-4,0.23392695441550085
12,1,97,3,0.19883239441124867
12,1,98,1,0.1565903883717122
12,1,99,0,0.20414010683163764
12,1,100,3,0.192998299666023
12,1,101,3,0.19818592944529015
12,1,102,3,0.20395516718242074
12,1,103,4,0.28629927504653874
12,1,104,1,0.19005959144014883
12,1,105,4,0.2700331105734401
12,1,106,4,0.2834314183893905
12,1,107,3,0.19672030060516266
12,1,108,-1,0.21470828089702698
12,1,109,-1,0.2608178296321112
12,1,110,1,0.1949944391598603
12,1,111,3,0.17984602013114048
12,1,112,-4,0.29084106654809594
12,1,113,4,0.2528839573040673
12,1,114,2,0.19548806437452684
12,1,115,0,0.10066282916184983
12,1,116,3,0.1994055521194172
12,1,117,0,0.1752126841590364
12,1,118,0,0.11665032191810862
12,1,119,-3,0.18168936670809033
12,1,120,1,0.21240662913211839
12,1,121,-1,0.19632787754719563
12,1,122,1,0.26391580373694995
12,1,123,3,0.17992578618664606
12,1,124,4,0.25251212374330906
12,1,125,-1,0.2207545390934943
12,1,126,-2,0.17594300301815277
12,1,127,4,0.26004698324218445
12,1,128,-3,0.21211612500048369
12,1,129,2,0.17869775306134297
12,1,130,-3,0.19724328062415347
12,1,131,-1,0.1849598351608033
12,1,132,-2,0.18921878348577378
12,1,133,3,0.22605559773113496
12,1,134,-1,0.18193506201293844
12,1,135,0,0.1858337588621634
12,1,136,3,0.18673611733252882
12,1,137,-1,0.14677035315454784
12,1,138,-1,0.15296142374944585
12,1,139,-2,0.16948077609474121
12,1,140,0,0.14113697039795495
12,1,141,-3,0.22067115246709415
12,1,142,-3,0.20999207457616983
12,1,143,-4,0.2622835351973742
12,1,144,1,0.2340474518829454
12,1,145,-1,0.18376012764072736
12,1,146,0,0.23208072677579739
12,1,147,-1,0.20021590870313907
12,1,148,-2,0.158973276339492
12,1,149,0,0.14569432911801952
12,1,150,-1,0.20699013443993067
12,1,151,-1,0.23179613159110968
12,1,152,1,0.21470627632392053
12,1,153,1,0.18343328637708425
12,1,154,-1,0.21945731547966962
12,1,155,0,0.1557291001942303
12,1,156,-1,0.18117550835689286
12,1,157,2,0.21263894870832675
12,1,158,3,0.20983937230428945
12,1,159,2,0.1937619870152675
12,1,160,4,0.22885570101582708
12,1,161,2,0.24112755853957538
12,1,162,2,0.1943634135692411
12,1,163,2,0.25043619159767305
12,1,164,1,0.2619758241444489
12,1,165,3,0.19635472528252454
12,1,166,-4,0.3167536540174252
12,1,167,3,0.180674859239579
12,1,168,-4,0.22260384113089682
12,1,169,-4,0.19637460938634432
12,1,170,2,0.3146266699496922
12,1,171,-4,0.2587847177246224
12,1,172,-4,0.2629372969506322
12,1,173,3,0.24267064385393475
12,1,174,3,0.20972062871619634
12,1,175,2,0.1507045065928536
12,1,176,-2,0.22340041986356748
12,1,177,-4,0.22121895836773403
12,1,178,4,0.2362219434313628
12,1,179,2,0.16571753974865355
12,1,180,4,0.2129823078615604
12,1,181,1,0.22474974670521383
12,1,182,3,0.2585098626666168
12,1,183,0,0.1785613194676398
12,1,184,-2,0.22122001465487454
12,1,185,1,0.29680682320135005
12,1,186,-3,0.28973395639961896
12,1,187,-1,0.1934849598790471
12,1,188,0,0.17275352659769672
12,1,189,3,0.23118557461964542
12,1,190,3,0.21580568502958883
12,1,191,3,0.20499368272905874
12,1,192,-1,0.21787246148735756
12,1,193,3,0.20442310935685043
12,1,194,4,0.2771715468163692
12,1,195,4,0.25990036804853683
12,1,196,-2,0.19925724701168465
12,1,197,2,0.17632732535159168
12,1,198,-2,0.1898080124262224
12,1,199,-1,0.18411238462682475
12,2,0,4,0.2699384510171582
12,2,1,2,0.13740900480189588
12,2,2,-3,0.27380224309603757
12,2,3,-2,0.14114838923408005
12,2,4,-3,0.20625347036575814
12,2,5,3,0.28639733052779975
12,2,6,0,0.15850567634987947
12,2,7,4,0.2735769895058465
12,2,8,-4,0.25495631909924904
12,2,9,3,0.23092544126646186
12,2,10,0,0.1700668059945802
12,2,11,-2,0.2200708732179197
12,2,12,4,0.3627742029595593
12,2,13,0,0.21466444064757817
12,2,14,-1,0.19641685392796132
12,2,15,0,0.20989950030118126
12,2,16,1,0.23742035373532627
12,2,17,-1,0.11991690247479075
12,2,18,-2,0.27744966229102214
12,2,19,-4,0.32664933502601257
12,2,20,-3,0.16622630180088233
12,2,21,2,0.21090546989210426
12,2,22,1,0.19924083825313768
12,2,23,1,0.22546710752830956
12,2,24,0,0.1661356107582287
12,2,25,3,0.25169537707355644
12,2,26,3,0.2885385718155106
12,2,27,1,0.1915346738553158
12,2,28,3,0.28297272672493295
12,2,29,3,0.21326487210083223
12,2,30,0,0.31135727239326216
12,2,31,2,0.2634747401142044
12,2,32,-2,0.19564671658262198
12,2,33,4,0.259057009619989
12,2,34,4,0.2675649060786972
12,2,35,2,0.2535505622689313
12,2,36,-2,0.1451186316840125
12,2,37,1,0.22019612888054513
12,2,38,-2,0.22974187465206364
12,2,39,4,0.2971655144179973
12,2,40,0,0.24101906628112751
12,2,41,0,0.20567742699112562
12,2,42,2,0.2464769807784392
12,2,43,1,0.1732657269889132
12,2,44,-4,0.2545489648365133
12,2,45,4,0.22329812084359849
12,2,46,1,0.15282491223002537
12,2,47,-3,0.1591488945028301
12,2,48,-4,0.3322485638400866
12,2,49,0,0.30416866934442255
12,2,50,-1,0.1555647302562261
12,2,51,0,0.18226362150881367
12,2,52,4,0.3686361583680356
12,2,53,0,0.23855733094861856
12,2,54,4,0.20631486431507906
12,2,55,-1,0.17861080937729282
12,2,56,3,0.2169838766032533
12,2,57,-3,0.27813009273768147
12,2,58,4,0.34441977276728136
12,2,59,1,0.1638167470941676
12,2,60,4,0.21605708080181565
12,2,61,3,0.2674956851106485
12,2,62,-1,0.2261152791553353
12,2,63,2,0.21810750521044298
12,2,64,1,0.13723570842742466
12,2,65,4,0.2615714405483353
12,2,66,0,0.20996490083192398
12,2,67,3,0.1795273910833474
12,2,68,-1,0.19102363836587255
12,2,69,1,0.2958801718872892
12,2,70,-2,0.30260179627946077
12,2,71,-4,0.3377414306022466
12,2,72,0,0.21092254130312044
12,2,73,3,0.2096413970176304
12,2,74,1,0.1886214466120255
12,2,75,3,0.240877466941343
12,2,76,4,0.2308732809504591
12,2,77,-3,0.2174157104429835
12,2,78,-4,0.3306529098532627
12,2,79,4,0.2563306639208438
12,2,80,-4,0.23405326148748254
12,2,81,-4,0.26555066425208196
12,2,82,0,0.20834196453353174
12,2,83,3,0.2454929223605723
12,2,84,1,0.1812223786525666
12,2,85,-3,0.21642670764031102
12,2,86,3,0.20109702692722076
12,2,87,4,0.2773417549353232
12,2,88,-4,0.26538752390976494
12,2,89,3,0.2447110879314998
12,2,90,-3,0.14130278257940923
12,2,91,-2,0.27974284314682196
12,2,92,4,0.2463315103816308
12,2,93,-3,0.24835157813686518
12,2,94,3,0.18297946446482014
12,2,95,3,0.2591403799230281
12,2,96,-4,0.22532466640435136
12,2,97,3,0.19811880200714035
12,2,98,1,0.19271815399839815
12,2,99,0,0.22583079460990282
12,2,100,3,0.22757495508507333
12,2,101,3,0.21828127077024637
12,2,102,3,0.23544058018395073
12,2,103,4,0.30427195842699667
12,2,104,1,0.22090243442711277
12,2,105,4,0.24809773918647388
12,2,106,4,0.3030471570608374
12,2,107,3,0.22492731385807582
12,2,108,-1,0.24099484929202605
12,2,109,-1,0.18774801763418153
12,2,110,1,0.24296133388570554
12,2,111,3,0.19589006660782352
12,2,112,-4,0.2873907392235964
12,2,113,4,0.27740325399831944
12,2,114,2,0.14987580297050276
12,2,115,0,0.19144811106716547
12,2,116,3,0.22979579470767128
12,2,117,0,0.2258946483226695
12,2,118,0,0.1815761645965676
12,2,119,-3,0.15897186259402263
12,2,120,1,0.3086949776366548
12,2,121,-1,0.2712545075928628
12,2,122,1,0.2862247709176901
12,2,123,3,0.18537466007474843
12,2,124,4,0.2587892431225835
12,2,125,-1,0.16475773778410976
12,2,126,-2,0.20693074998917582
12,2,127,4,0.2717665960902061
12,2,128,-3,0.22193543186366
12,2,129,2,0.22652357127360517
12,2,130,-3,0.28414743193210046
12,2,131,-1,0.14068099283893246
12,2,132,-2,0.19366158151703922
12,2,133,3,0.2233143862997706
12,2,134,-1,0.18573096448252696
12,2,135,0,0.26882034807610883
12,2,136,3,0.19475661740009484
12,2,137,-1,0.18830165957102338
12,2,138,-1,0.20282108800456247
12,2,139,-2,0.20775966406929056
12,2,140,0,0.16678150385295853
12,2,141,-3,0.21837618457036154
12,2,142,-3,0.22085132033396568
12,2,143,-4,0.2842968171869988
12,2,144,1,0.262051169517403
12,2,145,-1,0.1639448296182964
12,2,146,0,0.327736658814247
12,2,147,-1,0.25696929351087267
12,2,148,-2,0.19698914629558278
12,2,149,0,0.17462635214563535
12,2,150,-1,0.23428252076671924
12,2,151,-1,0.2645912954739269
12,2,152,1,0.15043803834568847
12,2,153,1,0.2119181323112155
12,2,154,-1,0.13374241591160266
12,2,155,0,0.19160645599596676
12,2,156,-1,0.25175822203922166
12,2,157,2,0.21304945120271904
12,2,158,3,0.1949756831297591
12,2,159,2,0.23936789540060033
12,2,160,4,0.24030435213913534
12,2,161,2,0.29668313905979454
12,2,162,2,0.24428532842920492
12,2,163,2,0.347171840481911
12,2,164,1,0.13740972300450008
12,2,165,3,0.2287008155217731
12,2,166,-4,0.3749800657941873
12,2,167,3,0.15540324049563653
12,2,168,-4,0.2423913867943338
12,2,169,-4,0.23143786265775596
12,2,170,2,0.28744840213528206
12,2,171,-4,0.24430327972444016
12,2,172,-4,0.23505058523650155
12,2,173,3,0.21343023798618718
12,2,174,3,0.22003467784422917
12,2,175,2,0.1492448140293232
12,2,176,-2,0.2010563030911345
12,2,177,-4,0.21926717205447413
12,2,178,4,0.2598553283491084
12,2,179,2,0.18108095451832346
12,2,180,4,0.23293729393646762
12,2,181,1,0.20292939889278036
12,2,182,3,0.2885572263532826
12,2,183,0,0.2432875064203391
12,2,184,-2,0.2819296071110668
12,2,185,1,0.3223178999426695
12,2,186,-3,0.3091735025911503
12,2,187,-1,0.18477618577585914
12,2,188,0,0.20769384950280567
12,2,189,3,0.23735301644914053
12,2,190,3,0.19698695211187095
12,2,191,3,0.2515772783615191
12,2,192,-1,0.30504016149254354
12,2,193,3,0.23812064155327578
12,2,194,4,0.31837657732725805
12,2,195,4,0.269954573594297
12,2,196,-2,0.237128834198985
12,2,197,2,0.24733553401564456
12,2,198,-2,0.2042599275033137
12,2,199,-1,0.16529741280701268
12,3,0,4,0.25626286987302915
12,3,1,2,0.20752453498134235
12,3,2,-3,0.2157958515737285
12,3,3,-2,0.18438898835880171
12,3,4,-3,0.2388704915225098
12,3,5,3,0.23218402085188827
12,3,6,0,0.10435015925792103
12,3,7,4,0.2605235305234048
12,3,8,-4,0.25848747491298274
12,3,9,3,0.17034126937398952
12,3,10,0,0.11537482587578404
12,3,11,-2,0.18786060077397673
12,3,12,4,0.33059436432651745
12,3,13,0,0.11737280463382507
12,3,14,-1,0.18199737345108485
12,3,15,0,0.12683283246725924
12,3,16,1,0.17833263194151155
12,3,17,-1,0.13355016479782106
12,3,18,-2,0.20220991602632177
12,3,19,-4,0.2961631481411286
12,3,20,-3,0.15705360204273883
12,3,21,2,0.1717447902139305
12,3,22,1,0.18973160580562456
12,3,23,1,0.16388327912755074
12,3,24,0,0.10895353294415616
12,3,25,3,0.20438025837357707
12,3,26,3,0.2945271165830188
12,3,27,1,0.19948439252816366
12,3,28,3,0.24115062258996806
12,3,29,3,0.21218847895162127
12,3,30,0,0.18615449573374454
12,3,31,2,0.16725276940091433
12,3,32,-2,0.1419785173061238
12,3,33,4,0.20599964950348695
12,3,34,4,0.254900244254612
12,3,35,2,0.21691346460075675
12,3,36,-2,0.13756053066494855
12,3,37,1,0.19789435031633573
12,3,38,-2,0.19391765378001763
12,3,39,4,0.24551536590889472
12,3,40,0,0.14648826454013505
12,3,41,0,0.11488720432971941
12,3,42,2,0.18170366173008573
12,3,43,1,0.18954332653374334
12,3,44,-4,0.2390358585292076
12,3,45,4,0.20882396689715668
12,3,46,1,0.19012279138897983
12,3,47,-3,0.14473215322599112
12,3,48,-4,0.28680321049464724
12,3,49,0,0.17103214239004128
12,3,50,-1,0.24326830794306487
12,3,51,0,0.11368352210731941
12,3,52,4,0.305901098054178
12,3,53,0,0.13719977065470992
12,3,54,4,0.20501613538900643
12,3,55,-1,0.14302279901486264
12,3,56,3,0.19445308889271687
12,3,57,-3,0.27832777850750945
12,3,58,4,0.3162016896126538
12,3,59,1,0.19146364249573627
12,3,60,4,0.19319562736857682
12,3,61,3,0.21554829114685858
12,3,62,-1,0.18009508947324196
12,3,63,2,0.19519060256703422
12,3,64,1,0.19822528551639224
12,3,65,4,0.24836682083568276
12,3,66,0,0.1290617509368911
12,3,67,3,0.1721564998951229
12,3,68,-1,0.20780658048965595
12,3,69,1,0.21705424784455177
12,3,70,-2,0.19481479939049667
12,3,71,-4,0.3138105705940106
12,3,72,0,0.11226086738156417
12,3,73,3,0.1940876987341622
12,3,74,1,0.13447610430507662
12,3,75,3,0.20817336215419538
12,3,76,4,0.2385005558867299
12,3,77,-3,0.19416409038701227
12,3,78,-4,0.31709892035293524
12,3,79,4,0.22823663947117964
12,3,80,-4,0.1999841337017646
12,3,81,-4,0.2723822525063394
12,3,82,0,0.11952349655347097
12,3,83,3,0.23747385773890284
12,3,84,1,0.1681963501364497
12,3,85,-3,0.2518240417034105
12,3,86,3,0.19729848932958408
12,3,87,4,0.21164754456091264
12,3,88,-4,0.2613766580769632
12,3,89,3,0.21577431577847964
12,3,90,-3,0.1950230774811549
12,3,91,-2,0.22894666398053265
12,3,92,4,0.2173705378775364
12,3,93,-3,0.23116749220892988
12,3,94,3,0.15898850511776028
12,3,95,3,0.1908503581306408
12,3,96,-4,0.23921787602839212
12,3,97,3,0.19527539655730286
12,3,98,1,0.16421947254679375
12,3,99,0,0.13219432909391077
12,3,100,3,0.19759962562328662
12,3,101,3,0.19820708282111288
12,3,102,3,0.2105762256082435
12,3,103,4,0.2563911196374473
12,3,104,1,0.19765566224396566
12,3,105,4,0.2605116511296978
12,3,106,4,0.2822478348853663
12,3,107,3,0.19611761737834124
12,3,108,-1,0.17161207870563
12,3,109,-1,0.2487882514599242
12,3,110,1,0.15152513018527317
12,3,111,3,0.18162249471189149
12,3,112,-4,0.28396716333950256
12,3,113,4,0.24533903452966907
12,3,114,2,0.20156881620872846
12,3,115,0,0.09674046974550184
12,3,116,3,0.1875587969968722
12,3,117,0,0.13682422962450147
12,3,118,0,0.10831220151843977
12,3,119,-3,0.23046804046254904
12,3,120,1,0.20913455611069873
12,3,121,-1,0.22491254855507303
12,3,122,1,0.24217208793427178
12,3,123,3,0.17119724114530716
12,3,124,4,0.240432112171089
12,3,125,-1,0.17800515573676748
12,3,126,-2,0.1519302188515041
12,3,127,4,0.2593384684721143
12,3,128,-3,0.21812616587270847
12,3,129,2,0.18592098832963316
12,3,130,-3,0.22392535663504787
12,3,131,-1,0.1557895292112725
12,3,132,-2,0.16493813816102332
12,3,133,3,0.22023753308246602
12,3,134,-1,0.22369175840262404
12,3,135,0,0.15089418985803804
12,3,136,3,0.200393029706862
12,3,137,-1,0.13564667936733082
12,3,138,-1,0.1392494274754046
12,3,139,-2,0.15113210378159242
12,3,140,0,0.09515333157239617
12,3,141,-3,0.2191829825026439
12,3,142,-3,0.22769241147486252
12,3,143,-4,0.2609497476534332
12,3,144,1,0.22555916403639414
12,3,145,-1,0.13805344482205656
12,3,146,0,0.18582773225627688
12,3,147,-1,0.1711154867903111
12,3,148,-2,0.14930394380607628
12,3,149,0,0.11337718987585427
12,3,150,-1,0.22042295414508323
12,3,151,-1,0.242092104925357
12,3,152,1,0.22248906205166533
12,3,153,1,0.18994079070888692
12,3,154,-1,0.1910098445319612
12,3,155,0,0.125153862210596
12,3,156,-1,0.17682603159815197
12,3,157,2,0.2146502163364898
12,3,158,3,0.19112486557116667
12,3,159,2,0.20511698293828132
12,3,160,4,0.22291858183733096
12,3,161,2,0.17357159196337027
12,3,162,2,0.18934137146137595
12,3,163,2,0.21338401893719952
12,3,164,1,0.24654675367537607
12,3,165,3,0.20152821455524306
12,3,166,-4,0.3279080055469037
12,3,167,3,0.19289112716965398
12,3,168,-4,0.2165045903967641
12,3,169,-4,0.20635405254328568
12,3,170,2,0.2541244324282973
12,3,171,-4,0.25243052241660685
12,3,172,-4,0.2543961769981574
12,3,173,3,0.21094835298859746
12,3,174,3,0.20609648083441143
12,3,175,2,0.17489320238619446
12,3,176,-2,0.2232002131552662
12,3,177,-4,0.2203251052980682
12,3,178,4,0.228679457665684
12,3,179,2,0.19407014710929082
12,3,180,4,0.20099131950673355
12,3,181,1,0.21013249838270398
12,3,182,3,0.27067268422683566
12,3,183,0,0.1474773780332916
12,3,184,-2,0.22775686716880564
12,3,185,1,0.2512586249947303
12,3,186,-3,0.30505468894380283
12,3,187,-1,0.2152930277758658
12,3,188,0,0.12277160122889749
12,3,189,3,0.24171356347383643
12,3,190,3,0.22564097108234465
12,3,191,3,0.19421651938230503
12,3,192,-1,0.19711549575086612
12,3,193,3,0.21495585622611532
12,3,194,4,0.27735729510521046
12,3,195,4,0.2521818728472624
12,3,196,-2,0.20139914919433485
12,3,197,2,0.1615074960976083
12,3,198,-2,0.2036485495405493
12,3,199,-1,0.221144464362493
16,0,0,4,0.38618421259071256
16,0,1,2,0.626454080833869
16,0,2,-3,0.41015281300463535
16,0,3,-2,0.5898254578384832
16,0,4,-3,0.5361636757747474
16,0,5,3,0.46126532965969175
16,0,6,0,0.5355604679007507
16,0,7,4,0.43905355774235166
16,0,8,-4,0.42603811958837334
16,0,9,3,0.5062763140457529
16,0,10,0,0.46494001085237724
16,0,11,-2,0.45705274126249795
16,0,12,4,0.5373525704744936
16,0,13,0,0.4473518262092772
16,0,14,-1,0.5989633344057089
16,0,15,0,0.4674840922359601
16,0,16,1,0.47450547611112626
16,0,17,-1,0.5944639661883889
16,0,18,-2,0.4550793526625389
16,0,19,-4,0.40859892947922594
16,0,20,-3,0.44749655043758285
16,0,21,2,0.5572058675149233
16,0,22,1,0.5658921933148182
16,0,23,1,0.5332547681872967
16,0,24,0,0.5028142654963357
16,0,25,3,0.4531243307770023
16,0,26,3,0.6500666154289516
16,0,27,1,0.6119845498716006
16,0,28,3,0.5309774481185549
16,0,29,3,0.4975814080611365
16,0,30,0,0.45536749163368057
16,0,31,2,0.5180204732831978
16,0,32,-2,0.4841447137228273
16,0,33,4,0.4008688023372016
16,0,34,4,0.4346737257060863
16,0,35,2,0.6237355159424052
16,0,36,-2,0.5495918490020228
16,0,37,1,0.6712443498728173
16,0,38,-2,0.5547387996462434
16,0,39,4,0.3499308704250861
16,0,40,0,0.57993099369536
16,0,41,0,0.487246234328307
16,0,42,2,0.4992667377875021
16,0,43,1,0.6334615610407188
16,0,44,-4,0.40121089691592404
16,0,45,4,0.3872957133290009
16,0,46,1,0.6238772708251861
16,0,47,-3,0.5108507746172272
16,0,48,-4,0.4233842352420851
16,0,49,0,0.41647353861202285
16,0,50,-1,0.698949596455365
16,0,51,0,0.47482949495043797
16,0,52,4,0.500452457436421
16,0,53,0,0.42994849224373427
16,0,54,4,0.4632479406792144
16,0,55,-1,0.5149765941619237
16,0,56,3,0.491610811641071
16,0,57,-3,0.5301939505352926
16,0,58,4,0.5250851757894722
16,0,59,1,0.6873124903819215
16,0,60,4,0.45918254854785506
16,0,61,3,0.4223585671739832
16,0,62,-1,0.5799882693834013
16,0,63,2,0.5666571522245115
16,0,64,1,0.6862672367436867
16,0,65,4,0.39869585319807643
16,0,66,0,0.44065807839563714
16,0,67,3,0.4899903926694918
16,0,68,-1,0.6554457938713018
16,0,69,1,0.5310258875790755
16,0,70,-2,0.49746039913730355
16,0,71,-4,0.4740007782009798
16,0,72,0,0.5251686054239202
16,0,73,3,0.5306503037356782
16,0,74,1,0.4531015477702735
16,0,75,3,0.47054521811829325
16,0,76,4,0.44798158592950876
16,0,77,-3,0.48624973594828425
16,0,78,-4,0.47246384418399373
16,0,79,4,0.3734766914388613
16,0,80,-4,0.39568640825023493
16,0,81,-4,0.4392838562680083
16,0,82,0,0.5427158918773198
16,0,83,3,0.5812194359826827
16,0,84,1,0.5802615114375631
16,0,85,-3,0.49841534325581305
16,0,86,3,0.5223262521857931
16,0,87,4,0.37060227016621544
16,0,88,-4,0.45881733487283693
16,0,89,3,0.4404002308316523
16,0,90,-3,0.5227470677146554
16,0,91,-2,0.5092093945402456
16,0,92,4,0.41677626614498997
16,0,93,-3,0.5161306330620185
16,0,94,3,0.4933954881673918
16,0,95,3,0.563944790489624
16,0,96,-4,0.41065200055863066
16,0,97,3,0.49734784260378934
16,0,98,1,0.5267712031899034
16,0,99,0,0.49277072461044213
16,0,100,3,0.5049127059691774
16,0,101,3,0.46314911219090926
16,0,102,3,0.45656623667793894
16,0,103,4,0.40921043407876695
16,0,104,1,0.5763079894630977
16,0,105,4,0.5015046505055103
16,0,106,4,0.4077948324297203
16,0,107,3,0.4903019828210892
16,0,108,-1,0.5715775970490262
16,0,109,-1,0.7010218224532854
16,0,110,1,0.6571289773151795
16,0,111,3,0.46067175510189223
16,0,112,-4,0.4954681516451978
16,0,113,4,0.4671227024260889
16,0,114,2,0.5862871372820126
16,0,115,0,0.5550452483443157
16,0,116,3,0.4049402939444227
16,0,117,0,0.4150921496097211
16,0,118,0,0.5450200916535118
16,0,119,-3,0.5551444548641117
16,0,120,1,0.5739788630715058
16,0,121,-1,0.5404520104921312
16,0,122,1,0.5350752016854999
16,0,123,3,0.5184655148653577
16,0,124,4,0.43013395350008843
16,0,125,-1,0.6716620271510765
16,0,126,-2,0.4439207861010478
16,0,127,4,0.4237535554839848
16,0,128,-3,0.48927460864067246
16,0,129,2,0.5033170513646036
16,0,130,-3,0.4791650653189183
16,0,131,-1,0.5676289645044011
16,0,132,-2,0.5839836335810468
16,0,133,3,0.5670477296104913
16,0,134,-1,0.6359706912280837
16,0,135,0,0.42067276645732093
16,0,136,3,0.5118063355819964
16,0,137,-1,0.5118519776898646
16,0,138,-1,0.5460936667222435
16,0,139,-2,0.4839064857241183
16,0,140,0,0.48850560263633186
16,0,141,-3,0.5406184479251749
16,0,142,-3,0.5055273870319883
16,0,143,-4,0.42372521166584837
16,0,144,1,0.489186759090584
16,0,145,-1,0.5634998374971647
16,0,146,0,0.43199712581810307
16,0,147,-1,0.43821735030775366
16,0,148,-2,0.5474688346243979
16,0,149,0,0.47878906931090615
16,0,150,-1,0.6187619762252541
16,0,151,-1,0.5405870408627679
16,0,152,1,0.6750008931675331
16,0,153,1,0.5702796806286129
16,0,154,-1,0.6829302247083376
16,0,155,0,0.5630438691920427
16,0,156,-1,0.5984155662081251
16,0,157,2,0.6116401821866326
16,0,158,3,0.5573036899544209
16,0,159,2,0.551593983816414
16,0,160,4,0.4388725506684392
16,0,161,2,0.5891605111053624
16,0,162,2,0.5632610387230798
16,0,163,2,0.4155676267423687
16,0,164,1,0.6924093180626769
16,0,165,3,0.47089254576244155
16,0,166,-4,0.39810712045737506
16,0,167,3,0.5342830635047835
16,0,168,-4,0.40280158646475406
16,0,169,-4,0.3628843915452837
16,0,170,2,0.658952549387405
16,0,171,-4,0.4206974504144871
16,0,172,-4,0.4554481992583072
16,0,173,3,0.5458081957921475
16,0,174,3,0.524128287035983
16,0,175,2,0.5544798972548198
16,0,176,-2,0.6238761351221377
16,0,177,-4,0.3672841189310682
16,0,178,4,0.40032748827180653
16,0,179,2,0.5681484910348663
16,0,180,4,0.3885488593225971
16,0,181,1,0.6920198718575458
16,0,182,3,0.5664627486934891
16,0,183,0,0.571825835571674
16,0,184,-2,0.5151256897990568
16,0,185,1,0.5892991940196721
16,0,186,-3,0.5517116590361744
16,0,187,-1,0.6111267105747937
16,0,188,0,0.48342849985806424
16,0,189,3,0.5105264419014051
16,0,190,3,0.5211004196193909
16,0,191,3,0.5010096514407291
16,0,192,-1,0.4998643232374057
16,0,193,3,0.4463530334581517
16,0,194,4,0.42055124074320444
16,0,195,4,0.442829109988275
16,0,196,-2,0.564491821071708
16,0,197,2,0.4296107517430722
16,0,198,-2,0.5434263795080091
16,0,199,-1,0.6508786048232472
16,1,0,4,0.4131350639591799
16,1,1,2,0.5956542497376656
16,1,2,-3,0.49316460682773666
16,1,3,-2,0.6505106987222015
16,1,4,-3,0.5806150034905476
16,1,5,3,0.45385626187907113
16,1,6,0,0.5486113251378539
16,1,7,4,0.4422793539332537
16,1,8,-4,0.4410624812313829
16,1,9,3,0.5065503227227164
16,1,10,0,0.5169149894108683
16,1,11,-2,0.5202262150454271
16,1,12,4,0.4981736354705474
16,1,13,0,0.5012585843382306
16,1,14,-1,0.5867590722204771
16,1,15,0,0.5252355650337316
16,1,16,1,0.5568411116099957
16,1,17,-1,0.5935585096016153
16,1,18,-2,0.5213378930005506
16,1,19,-4,0.49596178792885864
16,1,20,-3,0.4862250781831103
16,1,21,2,0.5516289727312387
16,1,22,1,0.5496579335905049
16,1,23,1,0.5513422222097458
16,1,24,0,0.5356218966855096
16,1,25,3,0.44263479727689825
16,1,26,3,0.5456751857855102
16,1,27,1,0.5810512666647244
16,1,28,3,0.5329747897654834
16,1,29,3,0.5002390857589004
16,1,30,0,0.5615576806996337
16,1,31,2,0.5284150628798101
16,1,32,-2,0.4949013735856337
16,1,33,4,0.41164603140713374
16,1,34,4,0.46925600105467596
16,1,35,2,0.5546994814911616
16,1,36,-2,0.5570204670678832
16,1,37,1,0.6650711741563441
16,1,38,-2,0.5140161385423824
16,1,39,4,0.37467470055569574
16,1,40,0,0.5972688853010503
16,1,41,0,0.5425467712264588
16,1,42,2,0.48564600694326987
16,1,43,1,0.6643821468086831
16,1,44,-4,0.4318230035182369
16,1,45,4,0.41616208901230467
16,1,46,1,0.6434185858091421
16,1,47,-3,0.5046417932889821
16,1,48,-4,0.4382729394834085
16,1,49,0,0.5333305989293357
16,1,50,-1,0.6724160381129096
16,1,51,0,0.5473781937374811
16,1,52,4,0.5131683243311005
16,1,53,0,0.5131273721217029
16,1,54,4,0.4314215783891773
16,1,55,-1,0.521009326692175
16,1,56,3,0.4628556911532207
16,1,57,-3,0.5541397049857227
16,1,58,4,0.48179692578585576
16,1,59,1,0.6939725565293706
16,1,60,4,0.4920826456476438
16,1,61,3,0.44647246567705334
16,1,62,-1,0.6024740489596933
16,1,63,2,0.5483320381297121
16,1,64,1,0.6761401648032948
16,1,65,4,0.4367091188616518
16,1,66,0,0.5191251457357077
16,1,67,3,0.5084634462648149
16,1,68,-1,0.5998188262335622
16,1,69,1,0.5035262595106084
16,1,70,-2,0.5392534533196351
16,1,71,-4,0.5082262354411854
16,1,72,0,0.5572731127601773
16,1,73,3,0.486095531258873
16,1,74,1,0.5498850458170657
16,1,75,3,0.4734161735815596
16,1,76,4,0.45479091111539743
16,1,77,-3,0.49645849317783647
16,1,78,-4,0.4661786642239845
16,1,79,4,0.3847919202650094
16,1,80,-4,0.4536902679912117
16,1,81,-4,0.4955765708709374
16,1,82,0,0.5527893293175924
16,1,83,3,0.5625340094774705
16,1,84,1,0.5571475313225511
16,1,85,-3,0.541448619902794
16,1,86,3,0.5578993159098292
16,1,87,4,0.3649948348814831
16,1,88,-4,0.4753750554116217
16,1,89,3,0.45514599853926224
16,1,90,-3,0.5222082076645713
16,1,91,-2,0.5228238060487476
16,1,92,4,0.42599542848532956
16,1,93,-3,0.5463584842090683
16,1,94,3,0.48769751526209787
16,1,95,3,0.5307862637504949
16,1,96,-4,0.4758423048388552
16,1,97,3,0.4691275527646524
16,1,98,1,0.5581910119731959
16,1,99,0,0.5352845024904395
16,1,100,3,0.5137087828876419
16,1,101,3,0.48234485004634325
16,1,102,3,0.463766584549553
16,1,103,4,0.37575316564467476
16,1,104,1,0.5630132095500138
16,1,105,4,0.4673481617363356
16,1,106,4,0.46910142628856216
16,1,107,3,0.5212057916309999
16,1,108,-1,0.6121744000472106
16,1,109,-1,0.6479711073964243
16,1,110,1,0.6279184398208973
16,1,111,3,0.4919316273586441
16,1,112,-4,0.536636551242022
16,1,113,4,0.5092334010319283
16,1,114,2,0.5558207839945308
16,1,115,0,0.5548502996814287
16,1,116,3,0.41880774993733655
16,1,117,0,0.47888276341073044
16,1,118,0,0.5701988828168761
16,1,119,-3,0.535674967850222
16,1,120,1,0.5819957485274603
16,1,121,-1,0.5741244103237602
16,1,122,1,0.5173279057716426
16,1,123,3,0.5335302491423541
16,1,124,4,0.4120776220115978
16,1,125,-1,0.6932093197964414
16,1,126,-2,0.5146214760571012
16,1,127,4,0.4283340160242706
16,1,128,-3,0.5396733468323731
16,1,129,2,0.5125438538933614
16,1,130,-3,0.48869111175882324
16,1,131,-1,0.5736541445724188
16,1,132,-2,0.5864394066367591
16,1,133,3,0.5650177983437534
16,1,134,-1,0.6408114203094714
16,1,135,0,0.5282077841015644
16,1,136,3,0.5164812366829131
16,1,137,-1,0.54983054060156
16,1,138,-1,0.5508652374260296
16,1,139,-2,0.5441889945641843
16,1,140,0,0.5450364946251842
16,1,141,-3,0.5908787284714063
16,1,142,-3,0.5357507626968022
16,1,143,-4,0.439537583408685
16,1,144,1,0.5079283200445053
16,1,145,-1,0.575744378264788
16,1,146,0,0.5363191713916085
16,1,147,-1,0.5314949181386813
16,1,148,-2,0.5457832758656834
16,1,149,0,0.5219984506767152
16,1,150,-1,0.6435737276114448
16,1,151,-1,0.5612653448898639
16,1,152,1,0.6886189476743652
16,1,153,1,0.5751345263631469
16,1,154,-1,0.7087988657388136
16,1,155,0,0.6040131520221672
16,1,156,-1,0.5613912385185214
16,1,157,2,0.5794537067180957
16,1,158,3,0.4934920846893982
16,1,159,2,0.5530911718906699
16,1,160,4,0.4218419703778196
16,1,161,2,0.5951356153999724
16,1,162,2,0.549014996368696
16,1,163,2,0.5061675219857455
16,1,164,1,0.6414408287522725
16,1,165,3,0.44724744590760307
16,1,166,-4,0.45853745417984515
16,1,167,3,0.49880653347944093
16,1,168,-4,0.42272350879321724
16,1,169,-4,0.437505588970355
16,1,170,2,0.5516164422377324
16,1,171,-4,0.47776985350618667
16,1,172,-4,0.4664435819154083
16,1,173,3,0.545798648938756
16,1,174,3,0.5251502597291412
16,1,175,2,0.5394317301170706
16,1,176,-2,0.5668497554216351
16,1,177,-4,0.4128934525466489
16,1,178,4,0.4097941369881173
16,1,179,2,0.5559900613613554
16,1,180,4,0.40310993999360334
16,1,181,1,0.6629357715125263
16,1,182,3,0.5064267272041353
16,1,183,0,0.6008429337649823
16,1,184,-2,0.5752748225937578
16,1,185,1,0.5720557072699577
16,1,186,-3,0.5493236925595102
16,1,187,-1,0.6381717591256846
16,1,188,0,0.5357882637167621
16,1,189,3,0.4834503180930319
16,1,190,3,0.5172602278809256
16,1,191,3,0.5004393129771411
16,1,192,-1,0.5559540016192963
16,1,193,3,0.47655671412390893
16,1,194,4,0.4558116238565292
16,1,195,4,0.43006975823332616
16,1,196,-2,0.5586970180376976
16,1,197,2,0.4960451877461851
16,1,198,-2,0.5504606749157618
16,1,199,-1,0.648999689087745
16,2,0,4,0.4121110284434501
16,2,1,2,0.5428441589999684
16,2,2,-3,0.5120111013425138
16,2,3,-2,0.5456417752667987
16,2,4,-3,0.5047802507575441
16,2,5,3,0.5095293707425086
16,2,6,0,0.6215421307193955
16,2,7,4,0.44598927725162885
16,2,8,-4,0.42544284180353303
16,2,9,3,0.5840945215214248
16,2,10,0,0.5809116480309096
16,2,11,-2,0.5689164383527887
16,2,12,4,0.45261694678095377
16,2,13,0,0.6018360258465661
16,2,14,-1,0.6003700857195059
16,2,15,0,0.5884432124813216
16,2,16,1,0.6264572320465159
16,2,17,-1,0.5869177366200247
16,2,18,-2,0.5675421090862047
16,2,19,-4,0.5108148269881587
16,2,20,-3,0.4709285085470547
16,2,21,2,0.5844174385301028
16,2,22,1,0.5138883000467142
16,2,23,1,0.6281883731668201
16,2,24,0,0.6115254891196439
16,2,25,3,0.4435839392475299
16,2,26,3,0.45008084274443727
16,2,27,1,0.5800311736538571
16,2,28,3,0.5841754560888449
16,2,29,3,0.4899298728930318
16,2,30,0,0.5870529563059302
16,2,31,2,0.5826696551980518
16,2,32,-2,0.5200731485264608
16,2,33,4,0.4359388503618731
16,2,34,4,0.4522639928065546
16,2,35,2,0.6112098086799476
16,2,36,-2,0.5451613123008827
16,2,37,1,0.5824144287268698
16,2,38,-2,0.5421587030538435
16,2,39,4,0.40433070838296775
16,2,40,0,0.6808494736182489
16,2,41,0,0.6642651488149028
16,2,42,2,0.5507217602125256
16,2,43,1,0.577172992228215
16,2,44,-4,0.4319210802196893
16,2,45,4,0.435786832390657
16,2,46,1,0.5429977652641058
16,2,47,-3,0.47855301766026365
16,2,48,-4,0.4650506412531016
16,2,49,0,0.6532634389579488
16,2,50,-1,0.5617515774267329
16,2,51,0,0.6268166254854882
16,2,52,4,0.5344616067134269
16,2,53,0,0.6065570093646714
16,2,54,4,0.4499350584782902
16,2,55,-1,0.5757821226193466
16,2,56,3,0.4997139210589392
16,2,57,-3,0.47321737127069663
16,2,58,4,0.44161385549934445
16,2,59,1,0.5060365887956804
16,2,60,4,0.47460718128644563
16,2,61,3,0.5168514347488973
16,2,62,-1,0.6480097412083035
16,2,63,2,0.5848267444698689
16,2,64,1,0.513694608731314
16,2,65,4,0.44055013475806365
16,2,66,0,0.5919541176668418
16,2,67,3,0.5278169644379002
16,2,68,-1,0.6155181324466527
16,2,69,1,0.5666946225242103
16,2,70,-2,0.6096840310802883
16,2,71,-4,0.4949278697618677
16,2,72,0,0.6240654925842005
16,2,73,3,0.5178449973344695
16,2,74,1,0.6271538375978238
16,2,75,3,0.5140350650229156
16,2,76,4,0.4385524014578571
16,2,77,-3,0.4943536639658454
16,2,78,-4,0.46118874169663654
16,2,79,4,0.41858599200165797
16,2,80,-4,0.4572083363050743
16,2,81,-4,0.4480361909661923
16,2,82,0,0.6330484523728451
16,2,83,3,0.47941574001766013
16,2,84,1,0.5756464572946175
16,2,85,-3,0.4391390134599138
16,2,86,3,0.5064977459668498
16,2,87,4,0.4287098187204385
16,2,88,-4,0.3892736559987087
16,2,89,3,0.5000472577206961
16,2,90,-3,0.47630583772841684
16,2,91,-2,0.5421067019642333
16,2,92,4,0.44132650070891793
16,2,93,-3,0.5690519114708359
16,2,94,3,0.5193139072531058
16,2,95,3,0.565707736997964
16,2,96,-4,0.45602225414118863
16,2,97,3,0.4765886194669004
16,2,98,1,0.5910459570580471
16,2,99,0,0.6057561923088539
16,2,100,3,0.5527382344013235
16,2,101,3,0.49144961108441365
16,2,102,3,0.5041477197157749
16,2,103,4,0.4170187147044985
16,2,104,1,0.5852320494132318
16,2,105,4,0.4389897593129871
16,2,106,4,0.48358432844873356
16,2,107,3,0.5445529334056636
16,2,108,-1,0.6781809576566113
16,2,109,-1,0.5696727639416399
16,2,110,1,0.6552292429313213
16,2,111,3,0.4880745806583762
16,2,112,-4,0.5105931447953448
16,2,113,4,0.5320330389115769
16,2,114,2,0.5376441819288582
16,2,115,0,0.6755058812728336
16,2,116,3,0.4429925056356729
16,2,117,0,0.5363536933734726
16,2,118,0,0.6479965429210975
16,2,119,-3,0.5020910641815237
16,2,120,1,0.6554957803121901
16,2,121,-1,0.6515109217839696
16,2,122,1,0.5357420454679886
16,2,123,3,0.5353575429568685
16,2,124,4,0.4074550887684275
16,2,125,-1,0.5344021905006019
16,2,126,-2,0.5558328817301958
16,2,127,4,0.45966615573832975
16,2,128,-3,0.5084740329353882
16,2,129,2,0.5441903303598156
16,2,130,-3,0.541337464000326
16,2,131,-1,0.5451113536884465
16,2,132,-2,0.5813510956598529
16,2,133,3,0.5367085193378949
16,2,134,-1,0.5819148199295326
16,2,135,0,0.6083537139400512
16,2,136,3,0.5145625691775128
16,2,137,-1,0.6113046481618133
16,2,138,-1,0.639920786647952
16,2,139,-2,0.6065327495043359
16,2,140,0,0.6263569212400107
16,2,141,-3,0.5231646329856905
16,2,142,-3,0.5049239420376296
16,2,143,-4,0.42895823430622315
16,2,144,1,0.49014215019175256
16,2,145,-1,0.581133367004185
16,2,146,0,0.6338144734320756
16,2,147,-1,0.5822438822499962
16,2,148,-2,0.5993428620406956
16,2,149,0,0.5946506293228103
16,2,150,-1,0.63461183244685
16,2,151,-1,0.5527802931667206
16,2,152,1,0.5724183902659185
16,2,153,1,0.5868955010387031
16,2,154,-1,0.5482413241888537
16,2,155,0,0.6718655431914433
16,2,156,-1,0.6361506647173926
16,2,157,2,0.5041064935195173
16,2,158,3,0.4932149511346492
16,2,159,2,0.590873617364697
16,2,160,4,0.44382023191750675
16,2,161,2,0.5925318235263582
16,2,162,2,0.5884613521069356
16,2,163,2,0.5391848433560302
16,2,164,1,0.5378714523949328
16,2,165,3,0.443900848563772
16,2,166,-4,0.4574481353633762
16,2,167,3,0.44831656425772626
16,2,168,-4,0.4269194395424315
16,2,169,-4,0.4244916282246656
16,2,170,2,0.5297162715504071
16,2,171,-4,0.43572144584288297
16,2,172,-4,0.40044903743691873
16,2,173,3,0.4797165940063873
16,2,174,3,0.5017883599224919
16,2,175,2,0.49657194324097714
16,2,176,-2,0.5266981986991739
16,2,177,-4,0.413798777052159
16,2,178,4,0.4447178747385069
16,2,179,2,0.4888387266659296
16,2,180,4,0.4122906561117645
16,2,181,1,0.6423249218469709
16,2,182,3,0.5436266821489989
16,2,183,0,0.6546217145904768
16,2,184,-2,0.5948570103447927
16,2,185,1,0.5508667160897049
16,2,186,-3,0.5436721820868468
16,2,187,-1,0.5985301333731055
16,2,188,0,0.6206154020592609
16,2,189,3,0.48737866664268126
16,2,190,3,0.476775146568164
16,2,191,3,0.5197751183659761
16,2,192,-1,0.6205379601195763
16,2,193,3,0.5067084904944861
16,2,194,4,0.45138807829963734
16,2,195,4,0.4360856712814329
16,2,196,-2,0.5660088854171911
16,2,197,2,0.5631611484800448
16,2,198,-2,0.5534271036895387
16,2,199,-1,0.5672525320876375
16,3,0,4,0.35833570638005086
16,3,1,2,0.5550423972857536
16,3,2,-3,0.4545195770962796
16,3,3,-2,0.5475408061846073
16,3,4,-3,0.53139518393044
16,3,5,3,0.40331599924111156
16,3,6,0,0.490384728813253
16,3,7,4,0.4092756970594449
16,3,8,-4,0.3856655525598455
16,3,9,3,0.4593615834998131
16,3,10,0,0.4624231871771742
16,3,11,-2,0.48794298021218224
16,3,12,4,0.44940182179146354
16,3,13,0,0.45735158319736235
16,3,14,-1,0.506957833768498
16,3,15,0,0.4514173518912841
16,3,16,1,0.5131677392515216
16,3,17,-1,0.5258915958737462
16,3,18,-2,0.49707049624680066
16,3,19,-4,0.4538696112275932
16,3,20,-3,0.417387330633711
16,3,21,2,0.47364735056433516
16,3,22,1,0.45937125958307223
16,3,23,1,0.496349875097241
16,3,24,0,0.48663135730111023
16,3,25,3,0.361322800514817
16,3,26,3,0.50930773335126
16,3,27,1,0.5420834858694359
16,3,28,3,0.47806641599911
16,3,29,3,0.4453995134971382
16,3,30,0,0.4958905434776336
16,3,31,2,0.4761806829083181
16,3,32,-2,0.4220203353198083
16,3,33,4,0.3583376635949791
16,3,34,4,0.413724350465974
16,3,35,2,0.5072092284041154
16,3,36,-2,0.46666680996931015
16,3,37,1,0.5296122404300888
16,3,38,-2,0.49070180393946217
16,3,39,4,0.3256518333642908
16,3,40,0,0.5115503055863894
16,3,41,0,0.5219437273305803
16,3,42,2,0.4066671613724579
16,3,43,1,0.5651698868309755
16,3,44,-4,0.3620656445313779
16,3,45,4,0.36166227924759353
16,3,46,1,0.5492412729982292
16,3,47,-3,0.4034294704622563
16,3,48,-4,0.4016969594135732
16,3,49,0,0.5016587948893728
16,3,50,-1,0.598843444708495
16,3,51,0,0.5053731982716655
16,3,52,4,0.4391863482934518
16,3,53,0,0.48446886145331713
16,3,54,4,0.3917296975121472
16,3,55,-1,0.4885139227516315
16,3,56,3,0.4163276919892578
16,3,57,-3,0.48239157204916133
16,3,58,4,0.424378551219205
16,3,59,1,0.5279888887677004
16,3,60,4,0.40044012660153105
16,3,61,3,0.4019896031805236
16,3,62,-1,0.5195851858677067
16,3,63,2,0.5114172423126779
16,3,64,1,0.5589050202596758
16,3,65,4,0.3751519327310382
16,3,66,0,0.4458601859724033
16,3,67,3,0.4446946908018454
16,3,68,-1,0.5600761074036207
16,3,69,1,0.45104715904425985
16,3,70,-2,0.5097533590870443
16,3,71,-4,0.4661095427269275
16,3,72,0,0.45398070645224
16,3,73,3,0.4292313172775982
16,3,74,1,0.5209980542693324
16,3,75,3,0.4375527872162036
16,3,76,4,0.3844980968446339
16,3,77,-3,0.4581727453775355
16,3,78,-4,0.437560165109303
16,3,79,4,0.3354084945320747
16,3,80,-4,0.4137065253154517
16,3,81,-4,0.39609630321308625
16,3,82,0,0.46825591557181406
16,3,83,3,0.4475200736710371
16,3,84,1,0.5063636097712781
16,3,85,-3,0.4655464910328936
16,3,86,3,0.4615367871915075
16,3,87,4,0.3344442378526894
16,3,88,-4,0.3976421251553565
16,3,89,3,0.4185393604786225
16,3,90,-3,0.4489674289268189
16,3,91,-2,0.4882948232273096
16,3,92,4,0.35938100381968585
16,3,93,-3,0.47655987580960124
16,3,94,3,0.4367498199046042
16,3,95,3,0.44944821022586
16,3,96,-4,0.45029392994011863
16,3,97,3,0.40381168253628347
16,3,98,1,0.47771884861506764
16,3,99,0,0.4785263944822102
16,3,100,3,0.4581188049912513
16,3,101,3,0.41339106588715857
16,3,102,3,0.41729487230159834
16,3,103,4,0.32754416561618344
16,3,104,1,0.4832697059000852
16,3,105,4,0.4348182549426984
16,3,106,4,0.41349131628490726
16,3,107,3,0.44744667279649625
16,3,108,-1,0.5035767242198019
16,3,109,-1,0.5861777977283001
16,3,110,1,0.513707101854382
16,3,111,3,0.41168709443957835
16,3,112,-4,0.4579566935925945
16,3,113,4,0.4424272793640547
16,3,114,2,0.519217552435846
16,3,115,0,0.5021825205103763
16,3,116,3,0.3465216750154039
16,3,117,0,0.4060161516690563
16,3,118,0,0.4897487650982466
16,3,119,-3,0.4928845439416122
16,3,120,1,0.5027068013138327
16,3,121,-1,0.538424442419742
16,3,122,1,0.496948363008068
16,3,123,3,0.4525869734554164
16,3,124,4,0.34607257774662287
16,3,125,-1,0.5434218316337204
16,3,126,-2,0.4580688939714121
16,3,127,4,0.39863427633901355
16,3,128,-3,0.4663002448364754
16,3,129,2,0.4736938513399473
16,3,130,-3,0.4483238079872487
16,3,131,-1,0.4969227580500613
16,3,132,-2,0.5023415590495506
16,3,133,3,0.4817966840226909
16,3,134,-1,0.590822240226414
16,3,135,0,0.48304770203137504
16,3,136,3,0.4578036331048164
16,3,137,-1,0.503884317847955
16,3,138,-1,0.5316471312187425
16,3,139,-2,0.48545035286795524
16,3,140,0,0.493724436056541
16,3,141,-3,0.5154022546634843
16,3,142,-3,0.4760600769896507
16,3,143,-4,0.4145632971617677
16,3,144,1,0.42835401420136593
16,3,145,-1,0.4799639846245811
16,3,146,0,0.49174571980884285
16,3,147,-1,0.49622460058723505
16,3,148,-2,0.49369700071551165
16,3,149,0,0.46799174743463007
16,3,150,-1,0.599026691484744
16,3,151,-1,0.5337473333178039
16,3,152,1,0.602938656139001
16,3,153,1,0.4958449723941883
16,3,154,-1,0.5808316637074962
16,3,155,0,0.5038671727146168
16,3,156,-1,0.5160794091509979
16,3,157,2,0.4873534837274105
16,3,158,3,0.42718865304364173
16,3,159,2,0.47349630468412196
16,3,160,4,0.3850458865872696
16,3,161,2,0.4961008553003917
16,3,162,2,0.4610059540766944
16,3,163,2,0.43821674450626447
16,3,164,1,0.6015504688747351
16,3,165,3,0.3667080591134032
16,3,166,-4,0.419995980255362
16,3,167,3,0.43107962737726635
16,3,168,-4,0.37791122402904687
16,3,169,-4,0.39039349557540254
16,3,170,2,0.47926901730757393
16,3,171,-4,0.4309912974923566
16,3,172,-4,0.37425442819876836
16,3,173,3,0.4397629771549283
16,3,174,3,0.4422224881697171
16,3,175,2,0.45932242081120833
16,3,176,-2,0.4946246810744163
16,3,177,-4,0.36458015019257917
16,3,178,4,0.35064390319720895
16,3,179,2,0.4633352037387294
16,3,180,4,0.3121156574599439
16,3,181,1,0.576625838267129
16,3,182,3,0.5125835410185855
16,3,183,0,0.48375735944089987
16,3,184,-2,0.5412242931693713
16,3,185,1,0.4954758135543757
16,3,186,-3,0.49274166906677525
16,3,187,-1,0.5963845986168029
16,3,188,0,0.4921802026309021
16,3,189,3,0.4501741759938783
16,3,190,3,0.46380540141638454
16,3,191,3,0.41739735539651085
16,3,192,-1,0.5169842034033189
16,3,193,3,0.43895982755819063
16,3,194,4,0.39190925281383104
16,3,195,4,0.3871203195913642
16,3,196,-2,0.500848937474227
16,3,197,2,0.446838820506184
16,3,198,-2,0.48124949382743054
16,3,199,-1,0.5741600774007829
