idx,k0,M,response_err
0,4,2,1.1111825340277859
0,4,4,1.020649574962094
0,4,8,0.6050608124610275
0,4,12,0.46329525598699506
0,4,16,0.38618421259071256
1,2,2,0.9886805658424215
1,2,4,0.8997709124854327
1,2,8,0.7156952892093762
1,2,12,0.6642057568609081
1,2,16,0.626454080833869
2,-3,2,1.0876035326673958
2,-3,4,0.929662873622284
2,-3,8,0.5598290809130256
2,-3,12,0.4541574099286727
2,-3,16,0.41015281300463535
3,-2,2,1.031188595835698
3,-2,4,0.917617113629891
3,-2,8,0.6810290237259125
3,-2,12,0.6284525391308352
3,-2,16,0.5898254578384832
4,-3,2,1.04101767524978
4,-3,4,0.954930933789056
4,-3,8,0.6795035695556585
4,-3,12,0.5869745206015163
4,-3,16,0.5361636757747474
5,3,2,1.0496191496310037
5,3,4,0.9599465710438914
5,3,8,0.6238271276162535
5,3,12,0.5155309727311826
5,3,16,0.46126532965969175
6,0,2,0.9473211625850442
6,0,4,0.7850335479981865
6,0,8,0.6124239264238952
6,0,12,0.5698555033410934
6,0,16,0.5355604679007507
7,4,2,1.1128291985826098
7,4,4,1.0389466855866298
7,4,8,0.6341054367517369
7,4,12,0.5077314207885976
7,4,16,0.43905355774235166
8,-4,2,1.0967112370001033
8,-4,4,1.0279280242232105
8,-4,8,0.6451387569905467
8,-4,12,0.49849797251911176
8,-4,16,0.42603811958837334
9,3,2,1.0340021065959124
9,3,4,0.9328713373580381
9,3,8,0.62486429765723
9,3,12,0.5425181229439071
9,3,16,0.5062763140457529
10,0,2,0.957813941977032
10,0,4,0.7507452193836213
10,0,8,0.5574975225192876
10,0,12,0.5033894384944055
10,0,16,0.46494001085237724
11,-2,2,0.9996565827864127
11,-2,4,0.8365059095356511
11,-2,8,0.5574377057448648
11,-2,12,0.49081012192776285
11,-2,16,0.45705274126249795
12,4,2,1.136612718076229
12,4,4,1.1103452618960554
12,4,8,0.7244705123286068
12,4,12,0.5901401085923867
12,4,16,0.5373525704744936
13,0,2,0.9437226209858314
13,0,4,0.7448295717260347
13,0,8,0.5361946525854129
13,0,12,0.4784145177968426
13,0,16,0.4473518262092772
14,-1,2,1.0338846527410597
14,-1,4,0.8822668724541844
14,-1,8,0.6950466615488595
14,-1,12,0.6363153253206122
14,-1,16,0.5989633344057089
15,0,2,1.0171102893241486
15,0,4,0.7515987349107315
15,0,8,0.5433751875364989
15,0,12,0.498148462950866
15,0,16,0.4674840922359601
16,1,2,0.9328161430276569
16,1,4,0.7383897433156142
16,1,8,0.5524456801460188
16,1,12,0.5038852211820608
16,1,16,0.47450547611112626
17,-1,2,0.9446160164156756
17,-1,4,0.8168095709030704
17,-1,8,0.6701961440477944
17,-1,12,0.6294446694626841
17,-1,16,0.5944639661883889
18,-2,2,0.9511372567106258
18,-2,4,0.8535095762506525
18,-2,8,0.5803988862632586
18,-2,12,0.4895581467085448
18,-2,16,0.4550793526625389
19,-4,2,0.9982187691432547
19,-4,4,0.9232145460318211
19,-4,8,0.6010287889563826
19,-4,12,0.46894622191122237
19,-4,16,0.40859892947922594
20,-3,2,1.0754918301139582
20,-3,4,0.9297849375510747
20,-3,8,0.5734072421889015
20,-3,12,0.4835922306844303
20,-3,16,0.44749655043758285
21,2,2,1.0133834323932542
21,2,4,0.892712176062216
21,2,8,0.6541158474351324
21,2,12,0.5957381069767864
21,2,16,0.5572058675149233
22,1,2,1.0750396631513672
22,1,4,0.8852260166247904
22,1,8,0.662824585216095
22,1,12,0.6002235759366492
22,1,16,0.5658921933148182
23,1,2,0.9379108504082802
23,1,4,0.8090020771989682
23,1,8,0.6212983955760751
23,1,12,0.5662471721421757
23,1,16,0.5332547681872967
24,0,2,0.900164732912568
24,0,4,0.7661486241352189
24,0,8,0.5906497506663764
24,0,12,0.5385834827250562
24,0,16,0.5028142654963357
25,3,2,1.0815626003523313
25,3,4,1.0208544507865698
25,3,8,0.6273848243192358
25,3,12,0.4989515624190542
25,3,16,0.4531243307770023
26,3,2,1.1210346366751998
26,3,4,1.0789951003338218
26,3,8,0.7999489004107688
26,3,12,0.7043788392719758
26,3,16,0.6500666154289516
27,1,2,1.0331224856249268
27,1,4,0.8920447073437585
27,1,8,0.6970009781891364
27,1,12,0.6470095142987535
27,1,16,0.6119845498716006
28,3,2,1.0372950855828615
28,3,4,0.9478334646033436
28,3,8,0.6670954130517077
28,3,12,0.5741525447904269
28,3,16,0.5309774481185549
29,3,2,1.050163059350457
29,3,4,0.9720485469746434
29,3,8,0.6398114306730495
29,3,12,0.5446405401120193
29,3,16,0.4975814080611365
30,0,2,0.9624162498192858
30,0,4,0.731169168078982
30,0,8,0.5233563566449966
30,0,12,0.48127013383229766
30,0,16,0.45536749163368057
31,2,2,1.0742357621841714
31,2,4,0.8964257703171548
31,2,8,0.6242220689177427
31,2,12,0.5546257249223184
31,2,16,0.5180204732831978
32,-2,2,1.0304650456056572
32,-2,4,0.8823959608658232
32,-2,8,0.596288496022769
32,-2,12,0.521545194108407
32,-2,16,0.4841447137228273
33,4,2,1.1065995373181363
33,4,4,1.0669444599475637
33,4,8,0.592619381088805
33,4,12,0.4546205980293725
33,4,16,0.4008688023372016
34,4,2,1.065091617334214
34,4,4,1.0058492572605162
34,4,8,0.6256284793279271
34,4,12,0.4989394856451592
34,4,16,0.4346737257060863
35,2,2,0.99570392105451
35,2,4,0.8922382756511029
35,2,8,0.7102977308066551
35,2,12,0.6613729086022808
35,2,16,0.6237355159424052
36,-2,2,1.0005197940326176
36,-2,4,0.9050483258753356
36,-2,8,0.6480363070841987
36,-2,12,0.5869222588951494
36,-2,16,0.5495918490020228
37,1,2,1.0762025727980282
37,1,4,0.9471238367146766
37,1,8,0.7645735929783881
37,1,12,0.710868058223762
37,1,16,0.6712443498728173
38,-2,2,1.029073046434931
38,-2,4,0.957270331324982
38,-2,8,0.6725302541555889
38,-2,12,0.5948771233185906
38,-2,16,0.5547387996462434
39,4,2,1.0807394917944235
39,4,4,1.0275544726950245
39,4,8,0.6016459571258487
39,4,12,0.42682720783805983
39,4,16,0.3499308704250861
40,0,2,0.9092919466788537
40,0,4,0.7927577343176989
40,0,8,0.6615168261180613
40,0,12,0.6198543668950154
40,0,16,0.57993099369536
41,0,2,0.8876043056427538
41,0,4,0.6878446003696069
41,0,8,0.5625352936521023
41,0,12,0.5187842219067593
41,0,16,0.487246234328307
42,2,2,1.0277258546126782
42,2,4,0.9142744333199581
42,2,8,0.6241909412891425
42,2,12,0.5426244174776944
42,2,16,0.4992667377875021
43,1,2,1.0232516805477372
43,1,4,0.9012327325057903
43,1,8,0.718037112673921
43,1,12,0.6715247352451192
43,1,16,0.6334615610407188
44,-4,2,1.0909157542919892
44,-4,4,1.0460877578782715
44,-4,8,0.6379126809223425
44,-4,12,0.46944866388094636
44,-4,16,0.40121089691592404
45,4,2,1.1001052114812908
45,4,4,1.0356331979084894
45,4,8,0.6161702018016174
45,4,12,0.4541724312064804
45,4,16,0.3872957133290009
46,1,2,1.0664286411622248
46,1,4,0.9146350612339424
46,1,8,0.7162982542167746
46,1,12,0.6614060821817479
46,1,16,0.6238772708251861
47,-3,2,1.0880399791704436
47,-3,4,0.9657478591340543
47,-3,8,0.6298784934417414
47,-3,12,0.5480259739160115
47,-3,16,0.5108507746172272
48,-4,2,1.0813309714147454
48,-4,4,1.051121009103037
48,-4,8,0.6417478616182007
48,-4,12,0.4924835846826764
48,-4,16,0.4233842352420851
49,0,2,0.8867491309798435
49,0,4,0.6784680983660296
49,0,8,0.4893245138597262
49,0,12,0.44375746479027245
49,0,16,0.41647353861202285
50,-1,2,1.024241832002331
50,-1,4,0.9273710633441687
50,-1,8,0.7877467458375429
50,-1,12,0.7420190552641415
50,-1,16,0.698949596455365
51,0,2,0.8912098041748845
51,0,4,0.7057206744185273
51,0,8,0.5393725461458624
51,0,12,0.5068439953544587
51,0,16,0.47482949495043797
52,4,2,1.0926446053346113
52,4,4,1.0285590093803298
52,4,8,0.6886139668725803
52,4,12,0.5587410182931426
52,4,16,0.500452457436421
53,0,2,0.9276639250792114
53,0,4,0.7352832335100857
53,0,8,0.5274638406591339
53,0,12,0.4616569993448046
53,0,16,0.42994849224373427
54,4,2,1.1125347753995078
54,4,4,1.0457023952910716
54,4,8,0.640648733501542
54,4,12,0.5085116221284904
54,4,16,0.4632479406792144
55,-1,2,0.9646332218355872
55,-1,4,0.8576378490085294
55,-1,8,0.6134292488769724
55,-1,12,0.5509147057563528
55,-1,16,0.5149765941619237
56,3,2,1.108943322749378
56,3,4,1.0160925682084636
56,3,8,0.6415032209274002
56,3,12,0.535303416804989
56,3,16,0.491610811641071
57,-3,2,1.0817576382243173
57,-3,4,1.0085528585190793
57,-3,8,0.6790022053141802
57,-3,12,0.5826181905445954
57,-3,16,0.5301939505352926
58,4,2,1.1277746274258986
58,4,4,1.0802620566742578
58,4,8,0.713167830536121
58,4,12,0.5877132630056225
58,4,16,0.5250851757894722
59,1,2,1.0445843729449078
59,1,4,0.9419510783032752
59,1,8,0.7802531982813127
59,1,12,0.7257828045798546
59,1,16,0.6873124903819215
60,4,2,1.062624811980727
60,4,4,1.0483395323367817
60,4,8,0.6450693706194385
60,4,12,0.5104782388078345
60,4,16,0.45918254854785506
61,3,2,1.0085269248847735
61,3,4,0.914440702481584
61,3,8,0.5807536371568914
61,3,12,0.4784744339655626
61,3,16,0.4223585671739832
62,-1,2,0.9879909471264308
62,-1,4,0.8502121698189237
62,-1,8,0.67027125525419
62,-1,12,0.6145220805960245
62,-1,16,0.5799882693834013
63,2,2,1.0002614595079664
63,2,4,0.882356063460362
63,2,8,0.6704647218812696
63,2,12,0.6016768471215214
63,2,16,0.5666571522245115
64,1,2,1.0650257880628127
64,1,4,0.9507525038574672
64,1,8,0.7744904887584771
64,1,12,0.7272301083153467
64,1,16,0.6862672367436867
65,4,2,1.0769153035106094
65,4,4,1.0259146555092074
65,4,8,0.6385470986849218
65,4,12,0.47056098282616293
65,4,16,0.39869585319807643
66,0,2,0.9964664670186112
66,0,4,0.7737452450956416
66,0,8,0.5500966607676333
66,0,12,0.4756628222525572
66,0,16,0.44065807839563714
67,3,2,1.038488891226275
67,3,4,0.9443952814702425
67,3,8,0.6164223092929083
67,3,12,0.5257695709483081
67,3,16,0.4899903926694918
68,-1,2,0.9871610192324514
68,-1,4,0.8950134793646717
68,-1,8,0.7508530849400455
68,-1,12,0.6986406221245357
68,-1,16,0.6554457938713018
69,1,2,1.1201863998381194
69,1,4,0.964205391171248
69,1,8,0.6673611837209691
69,1,12,0.5802230972585378
69,1,16,0.5310258875790755
70,-2,2,1.0153834514364843
70,-2,4,0.8508367536670913
70,-2,8,0.5891852339846977
70,-2,12,0.5296537770826939
70,-2,16,0.49746039913730355
71,-4,2,1.0848573509869839
71,-4,4,1.0258407506801033
71,-4,8,0.689558977210093
71,-4,12,0.55164799176628
71,-4,16,0.4740007782009798
72,0,2,0.9976514072612125
72,0,4,0.7809742327990329
72,0,8,0.5988179313686023
72,0,12,0.5610387784476193
72,0,16,0.5251686054239202
73,3,2,1.042482340645874
73,3,4,0.9763669579103755
73,3,8,0.6603100032199092
73,3,12,0.5758162924442307
73,3,16,0.5306503037356782
74,1,2,0.8711167657184135
74,1,4,0.6811034284784542
74,1,8,0.521127445217211
74,1,12,0.4827665708682126
74,1,16,0.4531015477702735
75,3,2,1.0508559355247824
75,3,4,0.9700258175123005
75,3,8,0.6366449902839788
75,3,12,0.5201377143642238
75,3,16,0.47054521811829325
76,4,2,1.0968611442247742
76,4,4,1.0249654954496035
76,4,8,0.6525293962661155
76,4,12,0.516210602765738
76,4,16,0.44798158592950876
77,-3,2,1.061165500609526
77,-3,4,0.9884174432980594
77,-3,8,0.6254032730039736
77,-3,12,0.5259258966651661
77,-3,16,0.48624973594828425
78,-4,2,1.1050268592159393
78,-4,4,1.0329652951160997
78,-4,8,0.7010904214089119
78,-4,12,0.553200827136508
78,-4,16,0.47246384418399373
79,4,2,1.1145784102284
79,4,4,1.0510523396766607
79,4,8,0.5936620540109777
79,4,12,0.44409309799467717
79,4,16,0.3734766914388613
80,-4,2,1.0868055748464613
80,-4,4,0.9981163423923318
80,-4,8,0.5838875025539381
80,-4,12,0.4403442364265552
80,-4,16,0.39568640825023493
81,-4,2,1.1262701018961525
81,-4,4,1.1014177203095306
81,-4,8,0.6678611727223195
81,-4,12,0.5172566862206756
81,-4,16,0.4392838562680083
82,0,2,0.924852517725072
82,0,4,0.783918150819138
82,0,8,0.6295245762069492
82,0,12,0.5789417117647686
82,0,16,0.5427158918773198
83,3,2,1.1224647093236364
83,3,4,1.0542700840481316
83,3,8,0.7236589266378265
83,3,12,0.641575696417618
83,3,16,0.5812194359826827
84,1,2,1.0137080879248002
84,1,4,0.8606723761378791
84,1,8,0.6793038314123645
84,1,12,0.6177686823483166
84,1,16,0.5802615114375631
85,-3,2,1.1170559342886943
85,-3,4,1.0283770361544278
85,-3,8,0.6687589544941068
85,-3,12,0.5519001596731811
85,-3,16,0.49841534325581305
86,3,2,1.0726924798333046
86,3,4,0.9732861659959388
86,3,8,0.6381042101568721
86,3,12,0.5631666928084662
86,3,16,0.5223262521857931
87,4,2,1.1190031839073042
87,4,4,1.0775402682597781
87,4,8,0.5989657845830704
87,4,12,0.42298423111069117
87,4,16,0.37060227016621544
88,-4,2,1.1101943305635114
88,-4,4,1.065405429410621
88,-4,8,0.6736327378774168
88,-4,12,0.5243088635962274
88,-4,16,0.45881733487283693
89,3,2,1.0325460900742591
89,3,4,0.9296267445823583
89,3,8,0.5999987267991941
89,3,12,0.49101395884903065
89,3,16,0.4404002308316523
90,-3,2,1.0966109117541072
90,-3,4,0.9942437571967653
90,-3,8,0.6555280549953563
90,-3,12,0.5603772824234502
90,-3,16,0.5227470677146554
91,-2,2,1.1069557355123558
91,-2,4,0.9322089131245619
91,-2,8,0.6372981644279255
91,-2,12,0.5591919332065259
91,-2,16,0.5092093945402456
92,4,2,1.0834680280011324
92,4,4,1.0551677889821405
92,4,8,0.6443939890617908
92,4,12,0.48139822853563796
92,4,16,0.41677626614498997
93,-3,2,1.0276578702184518
93,-3,4,0.947478254942481
93,-3,8,0.6415183525420493
93,-3,12,0.5617616121885337
93,-3,16,0.5161306330620185
94,3,2,1.0528040610457365
94,3,4,0.9721139633919027
94,3,8,0.6264240016971463
94,3,12,0.531467531451602
94,3,16,0.4933954881673918
95,3,2,1.062367490724108
95,3,4,0.9547949909328471
95,3,8,0.7183934186227141
95,3,12,0.6077318726518366
95,3,16,0.563944790489624
96,-4,2,1.1085943880710054
96,-4,4,1.0385336834613057
96,-4,8,0.6238979821414721
96,-4,12,0.4661147174307975
96,-4,16,0.41065200055863066
97,3,2,1.093347937170563
97,3,4,0.9886310316338476
97,3,8,0.6368107289417474
97,3,12,0.5382773307508586
97,3,16,0.49734784260378934
98,1,2,0.980579177332612
98,1,4,0.8327513086110566
98,1,8,0.6201378940597835
98,1,12,0.5599764230476273
98,1,16,0.5267712031899034
99,0,2,0.9418586631296586
99,0,4,0.7621665490831624
99,0,8,0.5726895709597295
99,0,12,0.5281482020902668
99,0,16,0.49277072461044213
100,3,2,1.0514299246547338
100,3,4,0.9564819441156774
100,3,8,0.6262964894128115
100,3,12,0.5436974044275903
100,3,16,0.5049127059691774
101,3,2,1.0665676473163221
101,3,4,0.9665602597245235
101,3,8,0.6266863507567969
101,3,12,0.5116073917428379
101,3,16,0.46314911219090926
102,3,2,1.0383448982062797
102,3,4,0.950242390530548
102,3,8,0.6281141961716589
102,3,12,0.5057244492197472
102,3,16,0.45656623667793894
103,4,2,1.1121862655751429
103,4,4,1.0821032566293989
103,4,8,0.6311911245970603
103,4,12,0.4820046649572901
103,4,16,0.40921043407876695
104,1,2,1.0369914024621696
104,1,4,0.9065242123397906
104,1,8,0.6822381920968744
104,1,12,0.6170116262019684
104,1,16,0.5763079894630977
105,4,2,1.0931506621109843
105,4,4,1.0429894154675075
105,4,8,0.6821483380972209
105,4,12,0.5631633861227501
105,4,16,0.5015046505055103
106,4,2,1.046707676526077
106,4,4,0.9416043243210179
106,4,8,0.603856878687246
106,4,12,0.47341906768248687
106,4,16,0.4077948324297203
107,3,2,1.039258978803781
107,3,4,0.9644536436709555
107,3,8,0.6422514440870271
107,3,12,0.5346795836703966
107,3,16,0.4903019828210892
108,-1,2,0.9696946295948081
108,-1,4,0.8476785946310195
108,-1,8,0.6647070703011188
108,-1,12,0.6105340203426216
108,-1,16,0.5715775970490262
109,-1,2,1.0759942010717498
109,-1,4,0.973893922353968
109,-1,8,0.7976141146567445
109,-1,12,0.7450213102109171
109,-1,16,0.7010218224532854
110,1,2,1.0497995965145561
110,1,4,0.9220064460849652
110,1,8,0.7455991653170205
110,1,12,0.6953441946876596
110,1,16,0.6571289773151795
111,3,2,1.0407097158847305
111,3,4,0.9294929693622213
111,3,8,0.5801529068909165
111,3,12,0.4925812214604984
111,3,16,0.46067175510189223
112,-4,2,1.1128446512997094
112,-4,4,1.0306022530367385
112,-4,8,0.6997633746927745
112,-4,12,0.5624985886770663
112,-4,16,0.4954681516451978
113,4,2,1.0703969612084834
113,4,4,0.9998243391738951
113,4,8,0.636238723973424
113,4,12,0.5217494504817927
113,4,16,0.4671227024260889
114,2,2,1.002808239748078
114,2,4,0.9149477976713214
114,2,8,0.6853364602508356
114,2,12,0.6248575392370278
114,2,16,0.5862871372820126
115,0,2,0.8928069698037608
115,0,4,0.7561408163020019
115,0,8,0.6288965245896111
115,0,12,0.5899839997769576
115,0,16,0.5550452483443157
116,3,2,1.0881976911878024
116,3,4,0.9808765013449744
116,3,8,0.5764059341805999
116,3,12,0.4529893251693538
116,3,16,0.4049402939444227
117,0,2,1.0815129722569794
117,0,4,0.7959034460375792
117,0,8,0.5233051095531259
117,0,12,0.4548009957916488
117,0,16,0.4150921496097211
118,0,2,0.9703487588205242
118,0,4,0.7899488158424574
118,0,8,0.6241197762476319
118,0,12,0.5789570284615868
118,0,16,0.5450200916535118
119,-3,2,1.052305519046837
119,-3,4,0.9550911117869708
119,-3,8,0.6736448034472222
119,-3,12,0.5948036673139105
119,-3,16,0.5551444548641117
120,1,2,0.9783007372139352
120,1,4,0.8630533583807938
120,1,8,0.6704600425074688
120,1,12,0.6103264370323382
120,1,16,0.5739788630715058
121,-1,2,1.0018585557388855
121,-1,4,0.8292179746211654
121,-1,8,0.6411854506863858
121,-1,12,0.579183477213179
121,-1,16,0.5404520104921312
122,1,2,1.0366260795784923
122,1,4,0.9086403692286386
122,1,8,0.6485903774334177
122,1,12,0.5765373930556521
122,1,16,0.5350752016854999
123,3,2,1.0674745972235893
123,3,4,0.9502550261911605
123,3,8,0.6278087206256087
123,3,12,0.5523313198762567
123,3,16,0.5184655148653577
124,4,2,1.100986638116361
124,4,4,1.0597274378507704
124,4,8,0.6486523487880088
124,4,12,0.5032704771231173
124,4,16,0.43013395350008843
125,-1,2,1.0340390796650063
125,-1,4,0.8917792184964752
125,-1,8,0.7617773322606081
125,-1,12,0.7110086051177663
125,-1,16,0.6716620271510765
126,-2,2,0.9679367278936027
126,-2,4,0.8059195625945588
126,-2,8,0.5545860097634785
126,-2,12,0.4782359807313642
126,-2,16,0.4439207861010478
127,4,2,1.0867362372378826
127,4,4,1.0179633120084948
127,4,8,0.6196824398291066
127,4,12,0.49421283361397733
127,4,16,0.4237535554839848
128,-3,2,1.087573565934056
128,-3,4,0.9722007878851623
128,-3,8,0.6596435504950882
128,-3,12,0.5410779697098549
128,-3,16,0.48927460864067246
129,2,2,1.0275504812584593
129,2,4,0.8724449419098798
129,2,8,0.6129124497967343
129,2,12,0.5365885349046549
129,2,16,0.5033170513646036
130,-3,2,1.0414289337717404
130,-3,4,0.9357719703151385
130,-3,8,0.6295860534761879
130,-3,12,0.5216537458770251
130,-3,16,0.4791650653189183
131,-1,2,0.9886231812683343
131,-1,4,0.8401952533573838
131,-1,8,0.6545598512139076
131,-1,12,0.6017521458240428
131,-1,16,0.5676289645044011
132,-2,2,1.0431815180407487
132,-2,4,0.9283605593843961
132,-2,8,0.7002911865554402
132,-2,12,0.625944394077588
132,-2,16,0.5839836335810468
133,3,2,1.0418561619347433
133,3,4,1.0194603965788465
133,3,8,0.7214936040220525
133,3,12,0.6156496019367713
133,3,16,0.5670477296104913
134,-1,2,0.9908952785392521
134,-1,4,0.8566128445277391
134,-1,8,0.7170875752387581
134,-1,12,0.6722578294486967
134,-1,16,0.6359706912280837
135,0,2,0.9313989979559255
135,0,4,0.7108423473089832
135,0,8,0.5127659540181574
135,0,12,0.45417186522691194
135,0,16,0.42067276645732093
136,3,2,1.0831628672518958
136,3,4,0.9692977870471312
136,3,8,0.6556729585496853
136,3,12,0.555644971520277
136,3,16,0.5118063355819964
137,-1,2,0.9358547456274341
137,-1,4,0.7476707359435946
137,-1,8,0.5879244865343696
137,-1,12,0.546093245506314
137,-1,16,0.5118519776898646
138,-1,2,0.8998212452748366
138,-1,4,0.8077164152723414
138,-1,8,0.6267174321910635
138,-1,12,0.5800789230832469
138,-1,16,0.5460936667222435
139,-2,2,0.9263657243302006
139,-2,4,0.7619938474074699
139,-2,8,0.5674150515049616
139,-2,12,0.5159993646414038
139,-2,16,0.4839064857241183
140,0,2,0.9186925641610526
140,0,4,0.7195017731806702
140,0,8,0.5610479728277401
140,0,12,0.5207041102246314
140,0,16,0.48850560263633186
141,-3,2,1.0292468716851846
141,-3,4,0.9470782892331991
141,-3,8,0.6703056993309344
141,-3,12,0.5841045170800213
141,-3,16,0.5406184479251749
142,-3,2,1.0443684950905494
142,-3,4,0.9652635762681137
142,-3,8,0.6440505254090304
142,-3,12,0.5494375023128832
142,-3,16,0.5055273870319883
143,-4,2,1.0839296061317885
143,-4,4,1.059138714108443
143,-4,8,0.6468073037166175
143,-4,12,0.48803773117845656
143,-4,16,0.42372521166584837
144,1,2,1.1189968557128072
144,1,4,0.879461869386339
144,1,8,0.58993066682521
144,1,12,0.5188795718666802
144,1,16,0.489186759090584
145,-1,2,1.0041278477257256
145,-1,4,0.8446990600775919
145,-1,8,0.6503621137641182
145,-1,12,0.5986484834483617
145,-1,16,0.5634998374971647
146,0,2,0.9590551132425299
146,0,4,0.7269000446374824
146,0,8,0.5189340423235578
146,0,12,0.4589296752563695
146,0,16,0.43199712581810307
147,-1,2,0.9163071609206962
147,-1,4,0.773722927377966
147,-1,8,0.5449534709775651
147,-1,12,0.47069271328415774
147,-1,16,0.43821735030775366
148,-2,2,0.981074363567399
148,-2,4,0.8756576660286223
148,-2,8,0.637871041473216
148,-2,12,0.5826068080584429
148,-2,16,0.5474688346243979
149,0,2,0.9279203670041606
149,0,4,0.7627585896443154
149,0,8,0.5740302051342614
149,0,12,0.514408604707191
149,0,16,0.47878906931090615
150,-1,2,0.973407117341587
150,-1,4,0.8359421008166064
150,-1,8,0.6994885390926319
150,-1,12,0.6543794303852434
150,-1,16,0.6187619762252541
151,-1,2,0.9991927732300817
151,-1,4,0.8639866412050534
151,-1,8,0.637695840226688
151,-1,12,0.5736595764005209
151,-1,16,0.5405870408627679
152,1,2,1.0023384011799912
152,1,4,0.8816214672095917
152,1,8,0.7651001599977652
152,1,12,0.7140447513748599
152,1,16,0.6750008931675331
153,1,2,1.0434267017617982
153,1,4,0.8639104941955561
153,1,8,0.6603906708690631
153,1,12,0.605339288533264
153,1,16,0.5702796806286129
154,-1,2,1.0051842650808467
154,-1,4,0.8874908727685302
154,-1,8,0.7630448706119437
154,-1,12,0.7217113325294602
154,-1,16,0.6829302247083376
155,0,2,0.9887157177869764
155,0,4,0.7905298129500007
155,0,8,0.6356394495675507
155,0,12,0.5975681320558813
155,0,16,0.5630438691920427
156,-1,2,1.0910869820453306
156,-1,4,0.9051061154840525
156,-1,8,0.692872105754515
156,-1,12,0.6419361100421844
156,-1,16,0.5984155662081251
157,2,2,1.0670684461337248
157,2,4,0.9749551239573114
157,2,8,0.7577936412321084
157,2,12,0.6634982016287461
157,2,16,0.6116401821866326
158,3,2,1.1050515090593902
158,3,4,1.0112719361149562
158,3,8,0.6868232009896635
158,3,12,0.5989784307952998
158,3,16,0.5573036899544209
159,2,2,1.0268274299553841
159,2,4,0.9153543011334534
159,2,8,0.6656277184541931
159,2,12,0.5931667142846744
159,2,16,0.551593983816414
160,4,2,1.1173474409653346
160,4,4,1.0851709769272861
160,4,8,0.6259163292661081
160,4,12,0.49731946042736047
160,4,16,0.4388725506684392
161,2,2,1.018109754777986
161,2,4,0.8693632373061309
161,2,8,0.6782335440847723
161,2,12,0.6233602967541609
161,2,16,0.5891605111053624
162,2,2,1.0719677213184113
162,2,4,0.953791340311199
162,2,8,0.6878215331405766
162,2,12,0.6054354289622617
162,2,16,0.5632610387230798
163,2,2,0.9453873661500993
163,2,4,0.8103206273454193
163,2,8,0.5150856315847134
163,2,12,0.44665567460160305
163,2,16,0.4155676267423687
164,1,2,1.018928496110302
164,1,4,0.9036802896526646
164,1,8,0.7710274357989082
164,1,12,0.7310441756022787
164,1,16,0.6924093180626769
165,3,2,1.069563835750896
165,3,4,0.9920415498236702
165,3,8,0.6172467585500017
165,3,12,0.5102731551095296
165,3,16,0.47089254576244155
166,-4,2,1.0956359940360805
166,-4,4,1.0098389263903496
166,-4,8,0.614187297711321
166,-4,12,0.4743671924404947
166,-4,16,0.39810712045737506
167,3,2,1.0829445173116212
167,3,4,0.9815371054614848
167,3,8,0.6596282768415778
167,3,12,0.572326018149326
167,3,16,0.5342830635047835
168,-4,2,1.1040400599012248
168,-4,4,1.0516681931447167
168,-4,8,0.6157622515226835
168,-4,12,0.4724806259222374
168,-4,16,0.40280158646475406
169,-4,2,1.0914944584631823
169,-4,4,1.004210966925257
169,-4,8,0.5708442791465104
169,-4,12,0.40638607838550456
169,-4,16,0.3628843915452837
170,2,2,1.0849862612416568
170,2,4,1.0380647487070493
170,2,8,0.7870957740391084
170,2,12,0.7063137755766377
170,2,16,0.658952549387405
171,-4,2,1.0850185441502525
171,-4,4,1.0053644553919365
171,-4,8,0.6222999657635547
171,-4,12,0.4816756441125692
171,-4,16,0.4206974504144871
172,-4,2,1.1315743155505458
172,-4,4,1.0631941310301927
172,-4,8,0.6512029698063775
172,-4,12,0.5173358321680392
172,-4,16,0.4554481992583072
173,3,2,1.0910022260916716
173,3,4,1.023531929833506
173,3,8,0.6815555065397748
173,3,12,0.5944320703391014
173,3,16,0.5458081957921475
174,3,2,1.0943813698122817
174,3,4,1.0101626599174875
174,3,8,0.6612705415027954
174,3,12,0.5639280616743497
174,3,16,0.524128287035983
175,2,2,1.0515370255712746
175,2,4,0.9049687164476913
175,2,8,0.6565848235878992
175,2,12,0.5878666780765684
175,2,16,0.5544798972548198
176,-2,2,1.1027286496314115
176,-2,4,0.9828826614162418
176,-2,8,0.7447223690448053
176,-2,12,0.6709414422816073
176,-2,16,0.6238761351221377
177,-4,2,1.1072504335974807
177,-4,4,1.0553559386353224
177,-4,8,0.598936884903558
177,-4,12,0.4258901537763199
177,-4,16,0.3672841189310682
178,4,2,1.106900958043677
178,4,4,1.0482452292848081
178,4,8,0.6329522663470939
178,4,12,0.46761919587975415
178,4,16,0.40032748827180653
179,2,2,1.0422610852631684
179,2,4,0.9436618725651681
179,2,8,0.683841724087967
179,2,12,0.6055109423286299
179,2,16,0.5681484910348663
180,4,2,1.1077360078813892
180,4,4,1.0672505044929999
180,4,8,0.5855697517994954
180,4,12,0.44188451515157984
180,4,16,0.3885488593225971
181,1,2,1.0517324974145983
181,1,4,0.8971355273511111
181,1,8,0.7777532226516831
181,1,12,0.7318257679593184
181,1,16,0.6920198718575458
182,3,2,1.034476495281842
182,3,4,0.9363164053436451
182,3,8,0.667101890818143
182,3,12,0.6077812584496449
182,3,16,0.5664627486934891
183,0,2,0.9650995151571464
183,0,4,0.8073011670390093
183,0,8,0.6582658246831126
183,0,12,0.6086120297251021
183,0,16,0.571825835571674
184,-2,2,0.9672330749957458
184,-2,4,0.8211388646413107
184,-2,8,0.6085476082807199
184,-2,12,0.5509173305504551
184,-2,16,0.5151256897990568
185,1,2,1.041911450989623
185,1,4,0.8954461594922244
185,1,8,0.6781955829533172
185,1,12,0.6240127461193358
185,1,16,0.5892991940196721
186,-3,2,1.0829749001825024
186,-3,4,1.032291074711191
186,-3,8,0.6765445778054624
186,-3,12,0.5935061987546226
186,-3,16,0.5517116590361744
187,-1,2,0.9718280767230814
187,-1,4,0.8607565906460328
187,-1,8,0.6881106113673661
187,-1,12,0.6458818728046398
187,-1,16,0.6111267105747937
188,0,2,0.9137198213680399
188,0,4,0.7217682779407578
188,0,8,0.5569065600105492
188,0,12,0.5177535246997762
188,0,16,0.48342849985806424
189,3,2,1.0600339205335838
189,3,4,0.9645035822339203
189,3,8,0.6538009554635754
189,3,12,0.5621212838863956
189,3,16,0.5105264419014051
190,3,2,1.0717172434935147
190,3,4,0.9646259183989758
190,3,8,0.6588063795082061
190,3,12,0.5715842480916253
190,3,16,0.5211004196193909
191,3,2,1.0833037497957723
191,3,4,0.9698220436098337
191,3,8,0.632932958465395
191,3,12,0.5439561484292998
191,3,16,0.5010096514407291
192,-1,2,1.0929353205949015
192,-1,4,0.841051012853497
192,-1,8,0.611529365946488
192,-1,12,0.5417136598270733
192,-1,16,0.4998643232374057
193,3,2,1.057533218478912
193,3,4,0.9568262496084381
193,3,8,0.6177740299674097
193,3,12,0.4946620956247855
193,3,16,0.4463530334581517
194,4,2,1.0496925665879928
194,4,4,0.994556412008888
194,4,8,0.6100123492371236
194,4,12,0.48535637808302545
194,4,16,0.42055124074320444
195,4,2,1.1005361785424808
195,4,4,1.0638404397914925
195,4,8,0.6238257562475706
195,4,12,0.5085162753745578
195,4,16,0.442829109988275
196,-2,2,1.0671562339843301
196,-2,4,0.9888925949953734
196,-2,8,0.6781550398105206
196,-2,12,0.6034928706158602
196,-2,16,0.564491821071708
197,2,2,0.9537002124769897
197,2,4,0.8055297392189669
197,2,8,0.537493889017609
197,2,12,0.4640642869447791
197,2,16,0.4296107517430722
198,-2,2,1.0190392096811451
198,-2,4,0.9017153239933909
198,-2,8,0.6633490545949787
198,-2,12,0.5854882629522608
198,-2,16,0.5434263795080091
199,-1,2,1.0447123054070682
199,-1,4,0.9218530023556276
199,-1,8,0.7404765985164141
199,-1,12,0.6896937457145739
199,-1,16,0.6508786048232472
